image,annotation
ADE_train_00000001.jpg,ADE_train_00000001.png
ADE_train_00000002.jpg,ADE_train_00000002.png
ADE_train_00000301.jpg,ADE_train_00000301.png
ADE_train_00000306.jpg,ADE_train_00000306.png
ADE_train_00000553.jpg,ADE_train_00000553.png
ADE_train_00000568.jpg,ADE_train_00000568.png
ADE_train_00000569.jpg,ADE_train_00000569.png
ADE_train_00000649.jpg,ADE_train_00000649.png
ADE_train_00000650.jpg,ADE_train_00000650.png
ADE_train_00000933.jpg,ADE_train_00000933.png
ADE_train_00000947.jpg,ADE_train_00000947.png
ADE_train_00000948.jpg,ADE_train_00000948.png
ADE_train_00000956.jpg,ADE_train_00000956.png
ADE_train_00000957.jpg,ADE_train_00000957.png
ADE_train_00000958.jpg,ADE_train_00000958.png
ADE_train_00000959.jpg,ADE_train_00000959.png
ADE_train_00000961.jpg,ADE_train_00000961.png
ADE_train_00001010.jpg,ADE_train_00001010.png
ADE_train_00001041.jpg,ADE_train_00001041.png
ADE_train_00001044.jpg,ADE_train_00001044.png
ADE_train_00001045.jpg,ADE_train_00001045.png
ADE_train_00001046.jpg,ADE_train_00001046.png
ADE_train_00001049.jpg,ADE_train_00001049.png
ADE_train_00001051.jpg,ADE_train_00001051.png
ADE_train_00001059.jpg,ADE_train_00001059.png
ADE_train_00001061.jpg,ADE_train_00001061.png
ADE_train_00001062.jpg,ADE_train_00001062.png
ADE_train_00001064.jpg,ADE_train_00001064.png
ADE_train_00001079.jpg,ADE_train_00001079.png
ADE_train_00001093.jpg,ADE_train_00001093.png
ADE_train_00001094.jpg,ADE_train_00001094.png
ADE_train_00001095.jpg,ADE_train_00001095.png
ADE_train_00001098.jpg,ADE_train_00001098.png
ADE_train_00001099.jpg,ADE_train_00001099.png
ADE_train_00001100.jpg,ADE_train_00001100.png
ADE_train_00001101.jpg,ADE_train_00001101.png
ADE_train_00001103.jpg,ADE_train_00001103.png
ADE_train_00001105.jpg,ADE_train_00001105.png
ADE_train_00001106.jpg,ADE_train_00001106.png
ADE_train_00001107.jpg,ADE_train_00001107.png
ADE_train_00001108.jpg,ADE_train_00001108.png
ADE_train_00001109.jpg,ADE_train_00001109.png
ADE_train_00001110.jpg,ADE_train_00001110.png
ADE_train_00001111.jpg,ADE_train_00001111.png
ADE_train_00001112.jpg,ADE_train_00001112.png
ADE_train_00001113.jpg,ADE_train_00001113.png
ADE_train_00001114.jpg,ADE_train_00001114.png
ADE_train_00001115.jpg,ADE_train_00001115.png
ADE_train_00001116.jpg,ADE_train_00001116.png
ADE_train_00001117.jpg,ADE_train_00001117.png
ADE_train_00001118.jpg,ADE_train_00001118.png
ADE_train_00001119.jpg,ADE_train_00001119.png
ADE_train_00001120.jpg,ADE_train_00001120.png
ADE_train_00001121.jpg,ADE_train_00001121.png
ADE_train_00001123.jpg,ADE_train_00001123.png
ADE_train_00001124.jpg,ADE_train_00001124.png
ADE_train_00001125.jpg,ADE_train_00001125.png
ADE_train_00001127.jpg,ADE_train_00001127.png
ADE_train_00001131.jpg,ADE_train_00001131.png
ADE_train_00001132.jpg,ADE_train_00001132.png
ADE_train_00001134.jpg,ADE_train_00001134.png
ADE_train_00001135.jpg,ADE_train_00001135.png
ADE_train_00001136.jpg,ADE_train_00001136.png
ADE_train_00001137.jpg,ADE_train_00001137.png
ADE_train_00001139.jpg,ADE_train_00001139.png
ADE_train_00001140.jpg,ADE_train_00001140.png
ADE_train_00001141.jpg,ADE_train_00001141.png
ADE_train_00001142.jpg,ADE_train_00001142.png
ADE_train_00001144.jpg,ADE_train_00001144.png
ADE_train_00001145.jpg,ADE_train_00001145.png
ADE_train_00001146.jpg,ADE_train_00001146.png
ADE_train_00001147.jpg,ADE_train_00001147.png
ADE_train_00001148.jpg,ADE_train_00001148.png
ADE_train_00001149.jpg,ADE_train_00001149.png
ADE_train_00001150.jpg,ADE_train_00001150.png
ADE_train_00001151.jpg,ADE_train_00001151.png
ADE_train_00001152.jpg,ADE_train_00001152.png
ADE_train_00001153.jpg,ADE_train_00001153.png
ADE_train_00001154.jpg,ADE_train_00001154.png
ADE_train_00001156.jpg,ADE_train_00001156.png
ADE_train_00001157.jpg,ADE_train_00001157.png
ADE_train_00001158.jpg,ADE_train_00001158.png
ADE_train_00001159.jpg,ADE_train_00001159.png
ADE_train_00001160.jpg,ADE_train_00001160.png
ADE_train_00001162.jpg,ADE_train_00001162.png
ADE_train_00001163.jpg,ADE_train_00001163.png
ADE_train_00001165.jpg,ADE_train_00001165.png
ADE_train_00001166.jpg,ADE_train_00001166.png
ADE_train_00001167.jpg,ADE_train_00001167.png
ADE_train_00001168.jpg,ADE_train_00001168.png
ADE_train_00001169.jpg,ADE_train_00001169.png
ADE_train_00001170.jpg,ADE_train_00001170.png
ADE_train_00001171.jpg,ADE_train_00001171.png
ADE_train_00001174.jpg,ADE_train_00001174.png
ADE_train_00001176.jpg,ADE_train_00001176.png
ADE_train_00001177.jpg,ADE_train_00001177.png
ADE_train_00001180.jpg,ADE_train_00001180.png
ADE_train_00001181.jpg,ADE_train_00001181.png
ADE_train_00001182.jpg,ADE_train_00001182.png
ADE_train_00001183.jpg,ADE_train_00001183.png
ADE_train_00001184.jpg,ADE_train_00001184.png
ADE_train_00001185.jpg,ADE_train_00001185.png
ADE_train_00001186.jpg,ADE_train_00001186.png
ADE_train_00001188.jpg,ADE_train_00001188.png
ADE_train_00001191.jpg,ADE_train_00001191.png
ADE_train_00001192.jpg,ADE_train_00001192.png
ADE_train_00001193.jpg,ADE_train_00001193.png
ADE_train_00001194.jpg,ADE_train_00001194.png
ADE_train_00001195.jpg,ADE_train_00001195.png
ADE_train_00001199.jpg,ADE_train_00001199.png
ADE_train_00001200.jpg,ADE_train_00001200.png
ADE_train_00001201.jpg,ADE_train_00001201.png
ADE_train_00001202.jpg,ADE_train_00001202.png
ADE_train_00001205.jpg,ADE_train_00001205.png
ADE_train_00001206.jpg,ADE_train_00001206.png
ADE_train_00001234.jpg,ADE_train_00001234.png
ADE_train_00001260.jpg,ADE_train_00001260.png
ADE_train_00001286.jpg,ADE_train_00001286.png
ADE_train_00001308.jpg,ADE_train_00001308.png
ADE_train_00001318.jpg,ADE_train_00001318.png
ADE_train_00001322.jpg,ADE_train_00001322.png
ADE_train_00001326.jpg,ADE_train_00001326.png
ADE_train_00001328.jpg,ADE_train_00001328.png
ADE_train_00001332.jpg,ADE_train_00001332.png
ADE_train_00001335.jpg,ADE_train_00001335.png
ADE_train_00001337.jpg,ADE_train_00001337.png
ADE_train_00001338.jpg,ADE_train_00001338.png
ADE_train_00001342.jpg,ADE_train_00001342.png
ADE_train_00001346.jpg,ADE_train_00001346.png
ADE_train_00001347.jpg,ADE_train_00001347.png
ADE_train_00001348.jpg,ADE_train_00001348.png
ADE_train_00001351.jpg,ADE_train_00001351.png
ADE_train_00001364.jpg,ADE_train_00001364.png
ADE_train_00001374.jpg,ADE_train_00001374.png
ADE_train_00001391.jpg,ADE_train_00001391.png
ADE_train_00001396.jpg,ADE_train_00001396.png
ADE_train_00001397.jpg,ADE_train_00001397.png
ADE_train_00001398.jpg,ADE_train_00001398.png
ADE_train_00001399.jpg,ADE_train_00001399.png
ADE_train_00001402.jpg,ADE_train_00001402.png
ADE_train_00001432.jpg,ADE_train_00001432.png
ADE_train_00001489.jpg,ADE_train_00001489.png
ADE_train_00001490.jpg,ADE_train_00001490.png
ADE_train_00001496.jpg,ADE_train_00001496.png
ADE_train_00001498.jpg,ADE_train_00001498.png
ADE_train_00001499.jpg,ADE_train_00001499.png
ADE_train_00001500.jpg,ADE_train_00001500.png
ADE_train_00001503.jpg,ADE_train_00001503.png
ADE_train_00001504.jpg,ADE_train_00001504.png
ADE_train_00001519.jpg,ADE_train_00001519.png
ADE_train_00001550.jpg,ADE_train_00001550.png
ADE_train_00001554.jpg,ADE_train_00001554.png
ADE_train_00001558.jpg,ADE_train_00001558.png
ADE_train_00001573.jpg,ADE_train_00001573.png
ADE_train_00001590.jpg,ADE_train_00001590.png
ADE_train_00001597.jpg,ADE_train_00001597.png
ADE_train_00001598.jpg,ADE_train_00001598.png
ADE_train_00001600.jpg,ADE_train_00001600.png
ADE_train_00001634.jpg,ADE_train_00001634.png
ADE_train_00001637.jpg,ADE_train_00001637.png
ADE_train_00001640.jpg,ADE_train_00001640.png
ADE_train_00001644.jpg,ADE_train_00001644.png
ADE_train_00001650.jpg,ADE_train_00001650.png
ADE_train_00001652.jpg,ADE_train_00001652.png
ADE_train_00001662.jpg,ADE_train_00001662.png
ADE_train_00001663.jpg,ADE_train_00001663.png
ADE_train_00001664.jpg,ADE_train_00001664.png
ADE_train_00001667.jpg,ADE_train_00001667.png
ADE_train_00001684.jpg,ADE_train_00001684.png
ADE_train_00001685.jpg,ADE_train_00001685.png
ADE_train_00001689.jpg,ADE_train_00001689.png
ADE_train_00001691.jpg,ADE_train_00001691.png
ADE_train_00001692.jpg,ADE_train_00001692.png
ADE_train_00001693.jpg,ADE_train_00001693.png
ADE_train_00001696.jpg,ADE_train_00001696.png
ADE_train_00001700.jpg,ADE_train_00001700.png
ADE_train_00001701.jpg,ADE_train_00001701.png
ADE_train_00001702.jpg,ADE_train_00001702.png
ADE_train_00001704.jpg,ADE_train_00001704.png
ADE_train_00001705.jpg,ADE_train_00001705.png
ADE_train_00001707.jpg,ADE_train_00001707.png
ADE_train_00001708.jpg,ADE_train_00001708.png
ADE_train_00001709.jpg,ADE_train_00001709.png
ADE_train_00001710.jpg,ADE_train_00001710.png
ADE_train_00001711.jpg,ADE_train_00001711.png
ADE_train_00001712.jpg,ADE_train_00001712.png
ADE_train_00001713.jpg,ADE_train_00001713.png
ADE_train_00001714.jpg,ADE_train_00001714.png
ADE_train_00001715.jpg,ADE_train_00001715.png
ADE_train_00001716.jpg,ADE_train_00001716.png
ADE_train_00001718.jpg,ADE_train_00001718.png
ADE_train_00001719.jpg,ADE_train_00001719.png
ADE_train_00001720.jpg,ADE_train_00001720.png
ADE_train_00001721.jpg,ADE_train_00001721.png
ADE_train_00001723.jpg,ADE_train_00001723.png
ADE_train_00001724.jpg,ADE_train_00001724.png
ADE_train_00001725.jpg,ADE_train_00001725.png
ADE_train_00001726.jpg,ADE_train_00001726.png
ADE_train_00001727.jpg,ADE_train_00001727.png
ADE_train_00001728.jpg,ADE_train_00001728.png
ADE_train_00001730.jpg,ADE_train_00001730.png
ADE_train_00001731.jpg,ADE_train_00001731.png
ADE_train_00001732.jpg,ADE_train_00001732.png
ADE_train_00001734.jpg,ADE_train_00001734.png
ADE_train_00001735.jpg,ADE_train_00001735.png
ADE_train_00001736.jpg,ADE_train_00001736.png
ADE_train_00001740.jpg,ADE_train_00001740.png
ADE_train_00001741.jpg,ADE_train_00001741.png
ADE_train_00001742.jpg,ADE_train_00001742.png
ADE_train_00001743.jpg,ADE_train_00001743.png
ADE_train_00001745.jpg,ADE_train_00001745.png
ADE_train_00001746.jpg,ADE_train_00001746.png
ADE_train_00001747.jpg,ADE_train_00001747.png
ADE_train_00001749.jpg,ADE_train_00001749.png
ADE_train_00001750.jpg,ADE_train_00001750.png
ADE_train_00001751.jpg,ADE_train_00001751.png
ADE_train_00001754.jpg,ADE_train_00001754.png
ADE_train_00001756.jpg,ADE_train_00001756.png
ADE_train_00001758.jpg,ADE_train_00001758.png
ADE_train_00001760.jpg,ADE_train_00001760.png
ADE_train_00001761.jpg,ADE_train_00001761.png
ADE_train_00001762.jpg,ADE_train_00001762.png
ADE_train_00001763.jpg,ADE_train_00001763.png
ADE_train_00001764.jpg,ADE_train_00001764.png
ADE_train_00001766.jpg,ADE_train_00001766.png
ADE_train_00001767.jpg,ADE_train_00001767.png
ADE_train_00001768.jpg,ADE_train_00001768.png
ADE_train_00001770.jpg,ADE_train_00001770.png
ADE_train_00001772.jpg,ADE_train_00001772.png
ADE_train_00001773.jpg,ADE_train_00001773.png
ADE_train_00001774.jpg,ADE_train_00001774.png
ADE_train_00001777.jpg,ADE_train_00001777.png
ADE_train_00001778.jpg,ADE_train_00001778.png
ADE_train_00001782.jpg,ADE_train_00001782.png
ADE_train_00001783.jpg,ADE_train_00001783.png
ADE_train_00001784.jpg,ADE_train_00001784.png
ADE_train_00001786.jpg,ADE_train_00001786.png
ADE_train_00001787.jpg,ADE_train_00001787.png
ADE_train_00001788.jpg,ADE_train_00001788.png
ADE_train_00001791.jpg,ADE_train_00001791.png
ADE_train_00001795.jpg,ADE_train_00001795.png
ADE_train_00001796.jpg,ADE_train_00001796.png
ADE_train_00001800.jpg,ADE_train_00001800.png
ADE_train_00001801.jpg,ADE_train_00001801.png
ADE_train_00001802.jpg,ADE_train_00001802.png
ADE_train_00001806.jpg,ADE_train_00001806.png
ADE_train_00001810.jpg,ADE_train_00001810.png
ADE_train_00001811.jpg,ADE_train_00001811.png
ADE_train_00001817.jpg,ADE_train_00001817.png
ADE_train_00001819.jpg,ADE_train_00001819.png
ADE_train_00001822.jpg,ADE_train_00001822.png
ADE_train_00001825.jpg,ADE_train_00001825.png
ADE_train_00001838.jpg,ADE_train_00001838.png
ADE_train_00001839.jpg,ADE_train_00001839.png
ADE_train_00001840.jpg,ADE_train_00001840.png
ADE_train_00001841.jpg,ADE_train_00001841.png
ADE_train_00001842.jpg,ADE_train_00001842.png
ADE_train_00001843.jpg,ADE_train_00001843.png
ADE_train_00001844.jpg,ADE_train_00001844.png
ADE_train_00001845.jpg,ADE_train_00001845.png
ADE_train_00001847.jpg,ADE_train_00001847.png
ADE_train_00001849.jpg,ADE_train_00001849.png
ADE_train_00001867.jpg,ADE_train_00001867.png
ADE_train_00001868.jpg,ADE_train_00001868.png
ADE_train_00001871.jpg,ADE_train_00001871.png
ADE_train_00001873.jpg,ADE_train_00001873.png
ADE_train_00001874.jpg,ADE_train_00001874.png
ADE_train_00001875.jpg,ADE_train_00001875.png
ADE_train_00001877.jpg,ADE_train_00001877.png
ADE_train_00001878.jpg,ADE_train_00001878.png
ADE_train_00001890.jpg,ADE_train_00001890.png
ADE_train_00001896.jpg,ADE_train_00001896.png
ADE_train_00001900.jpg,ADE_train_00001900.png
ADE_train_00001961.jpg,ADE_train_00001961.png
ADE_train_00002003.jpg,ADE_train_00002003.png
ADE_train_00002004.jpg,ADE_train_00002004.png
ADE_train_00002008.jpg,ADE_train_00002008.png
ADE_train_00002011.jpg,ADE_train_00002011.png
ADE_train_00002018.jpg,ADE_train_00002018.png
ADE_train_00002019.jpg,ADE_train_00002019.png
ADE_train_00002020.jpg,ADE_train_00002020.png
ADE_train_00002021.jpg,ADE_train_00002021.png
ADE_train_00002022.jpg,ADE_train_00002022.png
ADE_train_00002024.jpg,ADE_train_00002024.png
ADE_train_00002027.jpg,ADE_train_00002027.png
ADE_train_00002028.jpg,ADE_train_00002028.png
ADE_train_00002030.jpg,ADE_train_00002030.png
ADE_train_00002039.jpg,ADE_train_00002039.png
ADE_train_00002043.jpg,ADE_train_00002043.png
ADE_train_00002044.jpg,ADE_train_00002044.png
ADE_train_00002049.jpg,ADE_train_00002049.png
ADE_train_00002053.jpg,ADE_train_00002053.png
ADE_train_00002055.jpg,ADE_train_00002055.png
ADE_train_00002063.jpg,ADE_train_00002063.png
ADE_train_00002064.jpg,ADE_train_00002064.png
ADE_train_00002066.jpg,ADE_train_00002066.png
ADE_train_00002098.jpg,ADE_train_00002098.png
ADE_train_00002103.jpg,ADE_train_00002103.png
ADE_train_00002104.jpg,ADE_train_00002104.png
ADE_train_00002106.jpg,ADE_train_00002106.png
ADE_train_00002115.jpg,ADE_train_00002115.png
ADE_train_00002119.jpg,ADE_train_00002119.png
ADE_train_00002123.jpg,ADE_train_00002123.png
ADE_train_00002126.jpg,ADE_train_00002126.png
ADE_train_00002128.jpg,ADE_train_00002128.png
ADE_train_00002129.jpg,ADE_train_00002129.png
ADE_train_00002130.jpg,ADE_train_00002130.png
ADE_train_00002133.jpg,ADE_train_00002133.png
ADE_train_00002134.jpg,ADE_train_00002134.png
ADE_train_00002136.jpg,ADE_train_00002136.png
ADE_train_00002140.jpg,ADE_train_00002140.png
ADE_train_00002142.jpg,ADE_train_00002142.png
ADE_train_00002143.jpg,ADE_train_00002143.png
ADE_train_00002145.jpg,ADE_train_00002145.png
ADE_train_00002146.jpg,ADE_train_00002146.png
ADE_train_00002147.jpg,ADE_train_00002147.png
ADE_train_00002148.jpg,ADE_train_00002148.png
ADE_train_00002152.jpg,ADE_train_00002152.png
ADE_train_00002153.jpg,ADE_train_00002153.png
ADE_train_00002156.jpg,ADE_train_00002156.png
ADE_train_00002157.jpg,ADE_train_00002157.png
ADE_train_00002164.jpg,ADE_train_00002164.png
ADE_train_00002169.jpg,ADE_train_00002169.png
ADE_train_00002171.jpg,ADE_train_00002171.png
ADE_train_00002172.jpg,ADE_train_00002172.png
ADE_train_00002173.jpg,ADE_train_00002173.png
ADE_train_00002176.jpg,ADE_train_00002176.png
ADE_train_00002179.jpg,ADE_train_00002179.png
ADE_train_00002181.jpg,ADE_train_00002181.png
ADE_train_00002183.jpg,ADE_train_00002183.png
ADE_train_00002184.jpg,ADE_train_00002184.png
ADE_train_00002186.jpg,ADE_train_00002186.png
ADE_train_00002189.jpg,ADE_train_00002189.png
ADE_train_00002194.jpg,ADE_train_00002194.png
ADE_train_00002196.jpg,ADE_train_00002196.png
ADE_train_00002198.jpg,ADE_train_00002198.png
ADE_train_00002199.jpg,ADE_train_00002199.png
ADE_train_00002200.jpg,ADE_train_00002200.png
ADE_train_00002217.jpg,ADE_train_00002217.png
ADE_train_00002249.jpg,ADE_train_00002249.png
ADE_train_00002253.jpg,ADE_train_00002253.png
ADE_train_00002254.jpg,ADE_train_00002254.png
ADE_train_00002256.jpg,ADE_train_00002256.png
ADE_train_00002258.jpg,ADE_train_00002258.png
ADE_train_00002262.jpg,ADE_train_00002262.png
ADE_train_00002272.jpg,ADE_train_00002272.png
ADE_train_00002274.jpg,ADE_train_00002274.png
ADE_train_00002278.jpg,ADE_train_00002278.png
ADE_train_00002290.jpg,ADE_train_00002290.png
ADE_train_00002292.jpg,ADE_train_00002292.png
ADE_train_00002303.jpg,ADE_train_00002303.png
ADE_train_00002304.jpg,ADE_train_00002304.png
ADE_train_00002310.jpg,ADE_train_00002310.png
ADE_train_00002311.jpg,ADE_train_00002311.png
ADE_train_00002327.jpg,ADE_train_00002327.png
ADE_train_00002330.jpg,ADE_train_00002330.png
ADE_train_00002334.jpg,ADE_train_00002334.png
ADE_train_00002335.jpg,ADE_train_00002335.png
ADE_train_00002337.jpg,ADE_train_00002337.png
ADE_train_00002339.jpg,ADE_train_00002339.png
ADE_train_00002340.jpg,ADE_train_00002340.png
ADE_train_00002341.jpg,ADE_train_00002341.png
ADE_train_00002347.jpg,ADE_train_00002347.png
ADE_train_00002351.jpg,ADE_train_00002351.png
ADE_train_00002365.jpg,ADE_train_00002365.png
ADE_train_00002368.jpg,ADE_train_00002368.png
ADE_train_00002374.jpg,ADE_train_00002374.png
ADE_train_00002375.jpg,ADE_train_00002375.png
ADE_train_00002378.jpg,ADE_train_00002378.png
ADE_train_00002382.jpg,ADE_train_00002382.png
ADE_train_00002383.jpg,ADE_train_00002383.png
ADE_train_00002389.jpg,ADE_train_00002389.png
ADE_train_00002390.jpg,ADE_train_00002390.png
ADE_train_00002394.jpg,ADE_train_00002394.png
ADE_train_00002395.jpg,ADE_train_00002395.png
ADE_train_00002404.jpg,ADE_train_00002404.png
ADE_train_00002410.jpg,ADE_train_00002410.png
ADE_train_00002411.jpg,ADE_train_00002411.png
ADE_train_00002416.jpg,ADE_train_00002416.png
ADE_train_00002417.jpg,ADE_train_00002417.png
ADE_train_00002419.jpg,ADE_train_00002419.png
ADE_train_00002420.jpg,ADE_train_00002420.png
ADE_train_00002421.jpg,ADE_train_00002421.png
ADE_train_00002422.jpg,ADE_train_00002422.png
ADE_train_00002423.jpg,ADE_train_00002423.png
ADE_train_00002424.jpg,ADE_train_00002424.png
ADE_train_00002425.jpg,ADE_train_00002425.png
ADE_train_00002426.jpg,ADE_train_00002426.png
ADE_train_00002429.jpg,ADE_train_00002429.png
ADE_train_00002462.jpg,ADE_train_00002462.png
ADE_train_00002488.jpg,ADE_train_00002488.png
ADE_train_00002532.jpg,ADE_train_00002532.png
ADE_train_00002533.jpg,ADE_train_00002533.png
ADE_train_00002952.jpg,ADE_train_00002952.png
ADE_train_00003030.jpg,ADE_train_00003030.png
ADE_train_00003031.jpg,ADE_train_00003031.png
ADE_train_00003033.jpg,ADE_train_00003033.png
ADE_train_00003034.jpg,ADE_train_00003034.png
ADE_train_00003035.jpg,ADE_train_00003035.png
ADE_train_00003036.jpg,ADE_train_00003036.png
ADE_train_00003045.jpg,ADE_train_00003045.png
ADE_train_00003057.jpg,ADE_train_00003057.png
ADE_train_00003059.jpg,ADE_train_00003059.png
ADE_train_00003060.jpg,ADE_train_00003060.png
ADE_train_00003062.jpg,ADE_train_00003062.png
ADE_train_00003064.jpg,ADE_train_00003064.png
ADE_train_00003065.jpg,ADE_train_00003065.png
ADE_train_00003067.jpg,ADE_train_00003067.png
ADE_train_00003068.jpg,ADE_train_00003068.png
ADE_train_00003077.jpg,ADE_train_00003077.png
ADE_train_00003080.jpg,ADE_train_00003080.png
ADE_train_00003081.jpg,ADE_train_00003081.png
ADE_train_00003087.jpg,ADE_train_00003087.png
ADE_train_00003088.jpg,ADE_train_00003088.png
ADE_train_00003089.jpg,ADE_train_00003089.png
ADE_train_00003091.jpg,ADE_train_00003091.png
ADE_train_00003094.jpg,ADE_train_00003094.png
ADE_train_00003100.jpg,ADE_train_00003100.png
ADE_train_00003104.jpg,ADE_train_00003104.png
ADE_train_00003107.jpg,ADE_train_00003107.png
ADE_train_00003108.jpg,ADE_train_00003108.png
ADE_train_00003112.jpg,ADE_train_00003112.png
ADE_train_00003115.jpg,ADE_train_00003115.png
ADE_train_00003125.jpg,ADE_train_00003125.png
ADE_train_00003127.jpg,ADE_train_00003127.png
ADE_train_00003136.jpg,ADE_train_00003136.png
ADE_train_00003140.jpg,ADE_train_00003140.png
ADE_train_00003141.jpg,ADE_train_00003141.png
ADE_train_00003146.jpg,ADE_train_00003146.png
ADE_train_00003147.jpg,ADE_train_00003147.png
ADE_train_00003149.jpg,ADE_train_00003149.png
ADE_train_00003156.jpg,ADE_train_00003156.png
ADE_train_00003161.jpg,ADE_train_00003161.png
ADE_train_00003164.jpg,ADE_train_00003164.png
ADE_train_00003166.jpg,ADE_train_00003166.png
ADE_train_00003168.jpg,ADE_train_00003168.png
ADE_train_00003173.jpg,ADE_train_00003173.png
ADE_train_00003176.jpg,ADE_train_00003176.png
ADE_train_00003183.jpg,ADE_train_00003183.png
ADE_train_00003429.jpg,ADE_train_00003429.png
ADE_train_00003617.jpg,ADE_train_00003617.png
ADE_train_00003685.jpg,ADE_train_00003685.png
ADE_train_00003780.jpg,ADE_train_00003780.png
ADE_train_00003926.jpg,ADE_train_00003926.png
ADE_train_00004034.jpg,ADE_train_00004034.png
ADE_train_00004055.jpg,ADE_train_00004055.png
ADE_train_00004093.jpg,ADE_train_00004093.png
ADE_train_00004211.jpg,ADE_train_00004211.png
ADE_train_00004237.jpg,ADE_train_00004237.png
ADE_train_00004240.jpg,ADE_train_00004240.png
ADE_train_00004241.jpg,ADE_train_00004241.png
ADE_train_00004242.jpg,ADE_train_00004242.png
ADE_train_00004243.jpg,ADE_train_00004243.png
ADE_train_00004244.jpg,ADE_train_00004244.png
ADE_train_00004246.jpg,ADE_train_00004246.png
ADE_train_00004247.jpg,ADE_train_00004247.png
ADE_train_00004255.jpg,ADE_train_00004255.png
ADE_train_00004256.jpg,ADE_train_00004256.png
ADE_train_00004259.jpg,ADE_train_00004259.png
ADE_train_00004261.jpg,ADE_train_00004261.png
ADE_train_00004281.jpg,ADE_train_00004281.png
ADE_train_00004282.jpg,ADE_train_00004282.png
ADE_train_00004283.jpg,ADE_train_00004283.png
ADE_train_00004292.jpg,ADE_train_00004292.png
ADE_train_00004293.jpg,ADE_train_00004293.png
ADE_train_00004303.jpg,ADE_train_00004303.png
ADE_train_00004304.jpg,ADE_train_00004304.png
ADE_train_00004306.jpg,ADE_train_00004306.png
ADE_train_00004308.jpg,ADE_train_00004308.png
ADE_train_00004312.jpg,ADE_train_00004312.png
ADE_train_00004314.jpg,ADE_train_00004314.png
ADE_train_00004339.jpg,ADE_train_00004339.png
ADE_train_00004341.jpg,ADE_train_00004341.png
ADE_train_00004342.jpg,ADE_train_00004342.png
ADE_train_00004369.jpg,ADE_train_00004369.png
ADE_train_00004374.jpg,ADE_train_00004374.png
ADE_train_00004377.jpg,ADE_train_00004377.png
ADE_train_00004383.jpg,ADE_train_00004383.png
ADE_train_00004384.jpg,ADE_train_00004384.png
ADE_train_00004385.jpg,ADE_train_00004385.png
ADE_train_00004386.jpg,ADE_train_00004386.png
ADE_train_00004387.jpg,ADE_train_00004387.png
ADE_train_00004388.jpg,ADE_train_00004388.png
ADE_train_00004392.jpg,ADE_train_00004392.png
ADE_train_00004395.jpg,ADE_train_00004395.png
ADE_train_00004397.jpg,ADE_train_00004397.png
ADE_train_00004399.jpg,ADE_train_00004399.png
ADE_train_00004403.jpg,ADE_train_00004403.png
ADE_train_00004407.jpg,ADE_train_00004407.png
ADE_train_00004408.jpg,ADE_train_00004408.png
ADE_train_00004410.jpg,ADE_train_00004410.png
ADE_train_00004412.jpg,ADE_train_00004412.png
ADE_train_00004413.jpg,ADE_train_00004413.png
ADE_train_00004414.jpg,ADE_train_00004414.png
ADE_train_00004415.jpg,ADE_train_00004415.png
ADE_train_00004481.jpg,ADE_train_00004481.png
ADE_train_00004484.jpg,ADE_train_00004484.png
ADE_train_00004487.jpg,ADE_train_00004487.png
ADE_train_00004490.jpg,ADE_train_00004490.png
ADE_train_00004492.jpg,ADE_train_00004492.png
ADE_train_00004493.jpg,ADE_train_00004493.png
ADE_train_00004495.jpg,ADE_train_00004495.png
ADE_train_00004496.jpg,ADE_train_00004496.png
ADE_train_00004498.jpg,ADE_train_00004498.png
ADE_train_00004499.jpg,ADE_train_00004499.png
ADE_train_00004503.jpg,ADE_train_00004503.png
ADE_train_00004506.jpg,ADE_train_00004506.png
ADE_train_00004513.jpg,ADE_train_00004513.png
ADE_train_00004516.jpg,ADE_train_00004516.png
ADE_train_00004519.jpg,ADE_train_00004519.png
ADE_train_00004523.jpg,ADE_train_00004523.png
ADE_train_00004528.jpg,ADE_train_00004528.png
ADE_train_00004749.jpg,ADE_train_00004749.png
ADE_train_00004825.jpg,ADE_train_00004825.png
ADE_train_00004829.jpg,ADE_train_00004829.png
ADE_train_00004861.jpg,ADE_train_00004861.png
ADE_train_00004863.jpg,ADE_train_00004863.png
ADE_train_00004871.jpg,ADE_train_00004871.png
ADE_train_00004873.jpg,ADE_train_00004873.png
ADE_train_00004876.jpg,ADE_train_00004876.png
ADE_train_00004877.jpg,ADE_train_00004877.png
ADE_train_00004878.jpg,ADE_train_00004878.png
ADE_train_00004881.jpg,ADE_train_00004881.png
ADE_train_00004882.jpg,ADE_train_00004882.png
ADE_train_00004890.jpg,ADE_train_00004890.png
ADE_train_00004895.jpg,ADE_train_00004895.png
ADE_train_00004903.jpg,ADE_train_00004903.png
ADE_train_00004906.jpg,ADE_train_00004906.png
ADE_train_00004907.jpg,ADE_train_00004907.png
ADE_train_00004908.jpg,ADE_train_00004908.png
ADE_train_00004909.jpg,ADE_train_00004909.png
ADE_train_00004911.jpg,ADE_train_00004911.png
ADE_train_00004948.jpg,ADE_train_00004948.png
ADE_train_00004949.jpg,ADE_train_00004949.png
ADE_train_00004950.jpg,ADE_train_00004950.png
ADE_train_00004951.jpg,ADE_train_00004951.png
ADE_train_00004952.jpg,ADE_train_00004952.png
ADE_train_00004957.jpg,ADE_train_00004957.png
ADE_train_00004958.jpg,ADE_train_00004958.png
ADE_train_00004959.jpg,ADE_train_00004959.png
ADE_train_00004960.jpg,ADE_train_00004960.png
ADE_train_00004962.jpg,ADE_train_00004962.png
ADE_train_00004963.jpg,ADE_train_00004963.png
ADE_train_00005024.jpg,ADE_train_00005024.png
ADE_train_00005025.jpg,ADE_train_00005025.png
ADE_train_00005026.jpg,ADE_train_00005026.png
ADE_train_00005035.jpg,ADE_train_00005035.png
ADE_train_00005036.jpg,ADE_train_00005036.png
ADE_train_00005040.jpg,ADE_train_00005040.png
ADE_train_00005042.jpg,ADE_train_00005042.png
ADE_train_00005044.jpg,ADE_train_00005044.png
ADE_train_00005074.jpg,ADE_train_00005074.png
ADE_train_00005088.jpg,ADE_train_00005088.png
ADE_train_00005093.jpg,ADE_train_00005093.png
ADE_train_00005094.jpg,ADE_train_00005094.png
ADE_train_00005095.jpg,ADE_train_00005095.png
ADE_train_00005098.jpg,ADE_train_00005098.png
ADE_train_00005099.jpg,ADE_train_00005099.png
ADE_train_00005107.jpg,ADE_train_00005107.png
ADE_train_00005110.jpg,ADE_train_00005110.png
ADE_train_00005111.jpg,ADE_train_00005111.png
ADE_train_00005113.jpg,ADE_train_00005113.png
ADE_train_00005114.jpg,ADE_train_00005114.png
ADE_train_00005115.jpg,ADE_train_00005115.png
ADE_train_00005117.jpg,ADE_train_00005117.png
ADE_train_00005144.jpg,ADE_train_00005144.png
ADE_train_00005146.jpg,ADE_train_00005146.png
ADE_train_00005147.jpg,ADE_train_00005147.png
ADE_train_00005159.jpg,ADE_train_00005159.png
ADE_train_00005162.jpg,ADE_train_00005162.png
ADE_train_00005163.jpg,ADE_train_00005163.png
ADE_train_00005164.jpg,ADE_train_00005164.png
ADE_train_00005165.jpg,ADE_train_00005165.png
ADE_train_00005166.jpg,ADE_train_00005166.png
ADE_train_00005168.jpg,ADE_train_00005168.png
ADE_train_00005169.jpg,ADE_train_00005169.png
ADE_train_00005170.jpg,ADE_train_00005170.png
ADE_train_00005171.jpg,ADE_train_00005171.png
ADE_train_00005172.jpg,ADE_train_00005172.png
ADE_train_00005174.jpg,ADE_train_00005174.png
ADE_train_00005175.jpg,ADE_train_00005175.png
ADE_train_00005176.jpg,ADE_train_00005176.png
ADE_train_00005178.jpg,ADE_train_00005178.png
ADE_train_00005179.jpg,ADE_train_00005179.png
ADE_train_00005181.jpg,ADE_train_00005181.png
ADE_train_00005182.jpg,ADE_train_00005182.png
ADE_train_00005183.jpg,ADE_train_00005183.png
ADE_train_00005184.jpg,ADE_train_00005184.png
ADE_train_00005185.jpg,ADE_train_00005185.png
ADE_train_00005186.jpg,ADE_train_00005186.png
ADE_train_00005187.jpg,ADE_train_00005187.png
ADE_train_00005188.jpg,ADE_train_00005188.png
ADE_train_00005189.jpg,ADE_train_00005189.png
ADE_train_00005190.jpg,ADE_train_00005190.png
ADE_train_00005191.jpg,ADE_train_00005191.png
ADE_train_00005192.jpg,ADE_train_00005192.png
ADE_train_00005194.jpg,ADE_train_00005194.png
ADE_train_00005197.jpg,ADE_train_00005197.png
ADE_train_00005198.jpg,ADE_train_00005198.png
ADE_train_00005199.jpg,ADE_train_00005199.png
ADE_train_00005200.jpg,ADE_train_00005200.png
ADE_train_00005201.jpg,ADE_train_00005201.png
ADE_train_00005202.jpg,ADE_train_00005202.png
ADE_train_00005204.jpg,ADE_train_00005204.png
ADE_train_00005205.jpg,ADE_train_00005205.png
ADE_train_00005258.jpg,ADE_train_00005258.png
ADE_train_00005263.jpg,ADE_train_00005263.png
ADE_train_00005287.jpg,ADE_train_00005287.png
ADE_train_00005298.jpg,ADE_train_00005298.png
ADE_train_00005309.jpg,ADE_train_00005309.png
ADE_train_00005322.jpg,ADE_train_00005322.png
ADE_train_00005323.jpg,ADE_train_00005323.png
ADE_train_00005326.jpg,ADE_train_00005326.png
ADE_train_00005327.jpg,ADE_train_00005327.png
ADE_train_00005328.jpg,ADE_train_00005328.png
ADE_train_00005329.jpg,ADE_train_00005329.png
ADE_train_00005330.jpg,ADE_train_00005330.png
ADE_train_00005331.jpg,ADE_train_00005331.png
ADE_train_00005335.jpg,ADE_train_00005335.png
ADE_train_00005340.jpg,ADE_train_00005340.png
ADE_train_00005388.jpg,ADE_train_00005388.png
ADE_train_00005391.jpg,ADE_train_00005391.png
ADE_train_00005392.jpg,ADE_train_00005392.png
ADE_train_00005397.jpg,ADE_train_00005397.png
ADE_train_00005399.jpg,ADE_train_00005399.png
ADE_train_00005404.jpg,ADE_train_00005404.png
ADE_train_00005405.jpg,ADE_train_00005405.png
ADE_train_00005406.jpg,ADE_train_00005406.png
ADE_train_00005407.jpg,ADE_train_00005407.png
ADE_train_00005410.jpg,ADE_train_00005410.png
ADE_train_00005411.jpg,ADE_train_00005411.png
ADE_train_00005412.jpg,ADE_train_00005412.png
ADE_train_00005424.jpg,ADE_train_00005424.png
ADE_train_00005425.jpg,ADE_train_00005425.png
ADE_train_00005426.jpg,ADE_train_00005426.png
ADE_train_00005448.jpg,ADE_train_00005448.png
ADE_train_00005469.jpg,ADE_train_00005469.png
ADE_train_00005472.jpg,ADE_train_00005472.png
ADE_train_00005482.jpg,ADE_train_00005482.png
ADE_train_00005533.jpg,ADE_train_00005533.png
ADE_train_00005544.jpg,ADE_train_00005544.png
ADE_train_00005552.jpg,ADE_train_00005552.png
ADE_train_00005562.jpg,ADE_train_00005562.png
ADE_train_00005600.jpg,ADE_train_00005600.png
ADE_train_00005619.jpg,ADE_train_00005619.png
ADE_train_00005620.jpg,ADE_train_00005620.png
ADE_train_00005621.jpg,ADE_train_00005621.png
ADE_train_00005630.jpg,ADE_train_00005630.png
ADE_train_00005643.jpg,ADE_train_00005643.png
ADE_train_00005646.jpg,ADE_train_00005646.png
ADE_train_00005647.jpg,ADE_train_00005647.png
ADE_train_00005648.jpg,ADE_train_00005648.png
ADE_train_00005649.jpg,ADE_train_00005649.png
ADE_train_00005650.jpg,ADE_train_00005650.png
ADE_train_00005652.jpg,ADE_train_00005652.png
ADE_train_00005653.jpg,ADE_train_00005653.png
ADE_train_00005654.jpg,ADE_train_00005654.png
ADE_train_00005660.jpg,ADE_train_00005660.png
ADE_train_00005664.jpg,ADE_train_00005664.png
ADE_train_00005669.jpg,ADE_train_00005669.png
ADE_train_00005670.jpg,ADE_train_00005670.png
ADE_train_00005685.jpg,ADE_train_00005685.png
ADE_train_00005690.jpg,ADE_train_00005690.png
ADE_train_00005695.jpg,ADE_train_00005695.png
ADE_train_00005711.jpg,ADE_train_00005711.png
ADE_train_00005724.jpg,ADE_train_00005724.png
ADE_train_00005783.jpg,ADE_train_00005783.png
ADE_train_00005786.jpg,ADE_train_00005786.png
ADE_train_00005790.jpg,ADE_train_00005790.png
ADE_train_00005792.jpg,ADE_train_00005792.png
ADE_train_00005805.jpg,ADE_train_00005805.png
ADE_train_00005837.jpg,ADE_train_00005837.png
ADE_train_00005896.jpg,ADE_train_00005896.png
ADE_train_00005901.jpg,ADE_train_00005901.png
ADE_train_00005907.jpg,ADE_train_00005907.png
ADE_train_00005925.jpg,ADE_train_00005925.png
ADE_train_00005930.jpg,ADE_train_00005930.png
ADE_train_00005933.jpg,ADE_train_00005933.png
ADE_train_00005936.jpg,ADE_train_00005936.png
ADE_train_00005937.jpg,ADE_train_00005937.png
ADE_train_00005938.jpg,ADE_train_00005938.png
ADE_train_00005942.jpg,ADE_train_00005942.png
ADE_train_00005944.jpg,ADE_train_00005944.png
ADE_train_00005955.jpg,ADE_train_00005955.png
ADE_train_00005959.jpg,ADE_train_00005959.png
ADE_train_00005973.jpg,ADE_train_00005973.png
ADE_train_00005974.jpg,ADE_train_00005974.png
ADE_train_00005982.jpg,ADE_train_00005982.png
ADE_train_00006009.jpg,ADE_train_00006009.png
ADE_train_00006033.jpg,ADE_train_00006033.png
ADE_train_00006048.jpg,ADE_train_00006048.png
ADE_train_00006075.jpg,ADE_train_00006075.png
ADE_train_00006083.jpg,ADE_train_00006083.png
ADE_train_00006094.jpg,ADE_train_00006094.png
ADE_train_00006105.jpg,ADE_train_00006105.png
ADE_train_00006131.jpg,ADE_train_00006131.png
ADE_train_00006150.jpg,ADE_train_00006150.png
ADE_train_00006172.jpg,ADE_train_00006172.png
ADE_train_00006173.jpg,ADE_train_00006173.png
ADE_train_00006174.jpg,ADE_train_00006174.png
ADE_train_00006176.jpg,ADE_train_00006176.png
ADE_train_00006177.jpg,ADE_train_00006177.png
ADE_train_00006178.jpg,ADE_train_00006178.png
ADE_train_00006179.jpg,ADE_train_00006179.png
ADE_train_00006181.jpg,ADE_train_00006181.png
ADE_train_00006182.jpg,ADE_train_00006182.png
ADE_train_00006183.jpg,ADE_train_00006183.png
ADE_train_00006184.jpg,ADE_train_00006184.png
ADE_train_00006185.jpg,ADE_train_00006185.png
ADE_train_00006186.jpg,ADE_train_00006186.png
ADE_train_00006187.jpg,ADE_train_00006187.png
ADE_train_00006213.jpg,ADE_train_00006213.png
ADE_train_00006284.jpg,ADE_train_00006284.png
ADE_train_00006295.jpg,ADE_train_00006295.png
ADE_train_00006304.jpg,ADE_train_00006304.png
ADE_train_00006324.jpg,ADE_train_00006324.png
ADE_train_00006327.jpg,ADE_train_00006327.png
ADE_train_00006337.jpg,ADE_train_00006337.png
ADE_train_00006351.jpg,ADE_train_00006351.png
ADE_train_00006409.jpg,ADE_train_00006409.png
ADE_train_00006416.jpg,ADE_train_00006416.png
ADE_train_00006417.jpg,ADE_train_00006417.png
ADE_train_00006420.jpg,ADE_train_00006420.png
ADE_train_00006462.jpg,ADE_train_00006462.png
ADE_train_00006531.jpg,ADE_train_00006531.png
ADE_train_00006532.jpg,ADE_train_00006532.png
ADE_train_00006536.jpg,ADE_train_00006536.png
ADE_train_00006537.jpg,ADE_train_00006537.png
ADE_train_00006541.jpg,ADE_train_00006541.png
ADE_train_00006560.jpg,ADE_train_00006560.png
ADE_train_00006561.jpg,ADE_train_00006561.png
ADE_train_00006563.jpg,ADE_train_00006563.png
ADE_train_00006564.jpg,ADE_train_00006564.png
ADE_train_00006565.jpg,ADE_train_00006565.png
ADE_train_00006566.jpg,ADE_train_00006566.png
ADE_train_00006579.jpg,ADE_train_00006579.png
ADE_train_00006604.jpg,ADE_train_00006604.png
ADE_train_00006607.jpg,ADE_train_00006607.png
ADE_train_00006608.jpg,ADE_train_00006608.png
ADE_train_00006609.jpg,ADE_train_00006609.png
ADE_train_00006610.jpg,ADE_train_00006610.png
ADE_train_00006612.jpg,ADE_train_00006612.png
ADE_train_00006613.jpg,ADE_train_00006613.png
ADE_train_00006616.jpg,ADE_train_00006616.png
ADE_train_00006619.jpg,ADE_train_00006619.png
ADE_train_00006621.jpg,ADE_train_00006621.png
ADE_train_00006622.jpg,ADE_train_00006622.png
ADE_train_00006625.jpg,ADE_train_00006625.png
ADE_train_00006626.jpg,ADE_train_00006626.png
ADE_train_00006627.jpg,ADE_train_00006627.png
ADE_train_00006629.jpg,ADE_train_00006629.png
ADE_train_00006630.jpg,ADE_train_00006630.png
ADE_train_00006631.jpg,ADE_train_00006631.png
ADE_train_00006634.jpg,ADE_train_00006634.png
ADE_train_00006636.jpg,ADE_train_00006636.png
ADE_train_00006637.jpg,ADE_train_00006637.png
ADE_train_00006638.jpg,ADE_train_00006638.png
ADE_train_00006639.jpg,ADE_train_00006639.png
ADE_train_00006643.jpg,ADE_train_00006643.png
ADE_train_00006644.jpg,ADE_train_00006644.png
ADE_train_00006656.jpg,ADE_train_00006656.png
ADE_train_00006657.jpg,ADE_train_00006657.png
ADE_train_00006659.jpg,ADE_train_00006659.png
ADE_train_00006664.jpg,ADE_train_00006664.png
ADE_train_00006666.jpg,ADE_train_00006666.png
ADE_train_00006667.jpg,ADE_train_00006667.png
ADE_train_00006670.jpg,ADE_train_00006670.png
ADE_train_00006671.jpg,ADE_train_00006671.png
ADE_train_00006673.jpg,ADE_train_00006673.png
ADE_train_00006675.jpg,ADE_train_00006675.png
ADE_train_00006718.jpg,ADE_train_00006718.png
ADE_train_00006721.jpg,ADE_train_00006721.png
ADE_train_00006723.jpg,ADE_train_00006723.png
ADE_train_00006736.jpg,ADE_train_00006736.png
ADE_train_00006753.jpg,ADE_train_00006753.png
ADE_train_00006818.jpg,ADE_train_00006818.png
ADE_train_00006819.jpg,ADE_train_00006819.png
ADE_train_00006822.jpg,ADE_train_00006822.png
ADE_train_00006823.jpg,ADE_train_00006823.png
ADE_train_00006824.jpg,ADE_train_00006824.png
ADE_train_00006826.jpg,ADE_train_00006826.png
ADE_train_00006827.jpg,ADE_train_00006827.png
ADE_train_00006832.jpg,ADE_train_00006832.png
ADE_train_00006834.jpg,ADE_train_00006834.png
ADE_train_00006835.jpg,ADE_train_00006835.png
ADE_train_00006837.jpg,ADE_train_00006837.png
ADE_train_00006839.jpg,ADE_train_00006839.png
ADE_train_00006840.jpg,ADE_train_00006840.png
ADE_train_00006841.jpg,ADE_train_00006841.png
ADE_train_00006842.jpg,ADE_train_00006842.png
ADE_train_00007173.jpg,ADE_train_00007173.png
ADE_train_00007174.jpg,ADE_train_00007174.png
ADE_train_00007216.jpg,ADE_train_00007216.png
ADE_train_00007259.jpg,ADE_train_00007259.png
ADE_train_00007261.jpg,ADE_train_00007261.png
ADE_train_00007266.jpg,ADE_train_00007266.png
ADE_train_00007268.jpg,ADE_train_00007268.png
ADE_train_00007272.jpg,ADE_train_00007272.png
ADE_train_00007360.jpg,ADE_train_00007360.png
ADE_train_00007364.jpg,ADE_train_00007364.png
ADE_train_00007370.jpg,ADE_train_00007370.png
ADE_train_00007372.jpg,ADE_train_00007372.png
ADE_train_00007373.jpg,ADE_train_00007373.png
ADE_train_00007378.jpg,ADE_train_00007378.png
ADE_train_00007389.jpg,ADE_train_00007389.png
ADE_train_00007396.jpg,ADE_train_00007396.png
ADE_train_00007398.jpg,ADE_train_00007398.png
ADE_train_00007404.jpg,ADE_train_00007404.png
ADE_train_00007413.jpg,ADE_train_00007413.png
ADE_train_00007437.jpg,ADE_train_00007437.png
ADE_train_00007442.jpg,ADE_train_00007442.png
ADE_train_00007443.jpg,ADE_train_00007443.png
ADE_train_00007444.jpg,ADE_train_00007444.png
ADE_train_00007445.jpg,ADE_train_00007445.png
ADE_train_00007446.jpg,ADE_train_00007446.png
ADE_train_00007447.jpg,ADE_train_00007447.png
ADE_train_00007448.jpg,ADE_train_00007448.png
ADE_train_00007449.jpg,ADE_train_00007449.png
ADE_train_00007477.jpg,ADE_train_00007477.png
ADE_train_00007478.jpg,ADE_train_00007478.png
ADE_train_00007479.jpg,ADE_train_00007479.png
ADE_train_00007481.jpg,ADE_train_00007481.png
ADE_train_00007483.jpg,ADE_train_00007483.png
ADE_train_00007493.jpg,ADE_train_00007493.png
ADE_train_00007494.jpg,ADE_train_00007494.png
ADE_train_00007496.jpg,ADE_train_00007496.png
ADE_train_00007505.jpg,ADE_train_00007505.png
ADE_train_00007506.jpg,ADE_train_00007506.png
ADE_train_00007507.jpg,ADE_train_00007507.png
ADE_train_00007510.jpg,ADE_train_00007510.png
ADE_train_00007520.jpg,ADE_train_00007520.png
ADE_train_00007521.jpg,ADE_train_00007521.png
ADE_train_00007522.jpg,ADE_train_00007522.png
ADE_train_00007524.jpg,ADE_train_00007524.png
ADE_train_00007540.jpg,ADE_train_00007540.png
ADE_train_00007542.jpg,ADE_train_00007542.png
ADE_train_00007548.jpg,ADE_train_00007548.png
ADE_train_00007553.jpg,ADE_train_00007553.png
ADE_train_00007560.jpg,ADE_train_00007560.png
ADE_train_00007562.jpg,ADE_train_00007562.png
ADE_train_00007563.jpg,ADE_train_00007563.png
ADE_train_00007569.jpg,ADE_train_00007569.png
ADE_train_00007617.jpg,ADE_train_00007617.png
ADE_train_00007619.jpg,ADE_train_00007619.png
ADE_train_00007626.jpg,ADE_train_00007626.png
ADE_train_00007628.jpg,ADE_train_00007628.png
ADE_train_00007651.jpg,ADE_train_00007651.png
ADE_train_00007664.jpg,ADE_train_00007664.png
ADE_train_00007665.jpg,ADE_train_00007665.png
ADE_train_00007666.jpg,ADE_train_00007666.png
ADE_train_00007668.jpg,ADE_train_00007668.png
ADE_train_00007669.jpg,ADE_train_00007669.png
ADE_train_00007670.jpg,ADE_train_00007670.png
ADE_train_00007671.jpg,ADE_train_00007671.png
ADE_train_00007692.jpg,ADE_train_00007692.png
ADE_train_00007699.jpg,ADE_train_00007699.png
ADE_train_00007711.jpg,ADE_train_00007711.png
ADE_train_00007715.jpg,ADE_train_00007715.png
ADE_train_00007718.jpg,ADE_train_00007718.png
ADE_train_00007719.jpg,ADE_train_00007719.png
ADE_train_00007720.jpg,ADE_train_00007720.png
ADE_train_00007721.jpg,ADE_train_00007721.png
ADE_train_00007723.jpg,ADE_train_00007723.png
ADE_train_00007724.jpg,ADE_train_00007724.png
ADE_train_00007726.jpg,ADE_train_00007726.png
ADE_train_00007728.jpg,ADE_train_00007728.png
ADE_train_00007729.jpg,ADE_train_00007729.png
ADE_train_00007730.jpg,ADE_train_00007730.png
ADE_train_00007733.jpg,ADE_train_00007733.png
ADE_train_00007735.jpg,ADE_train_00007735.png
ADE_train_00007748.jpg,ADE_train_00007748.png
ADE_train_00007751.jpg,ADE_train_00007751.png
ADE_train_00007753.jpg,ADE_train_00007753.png
ADE_train_00007754.jpg,ADE_train_00007754.png
ADE_train_00007755.jpg,ADE_train_00007755.png
ADE_train_00007756.jpg,ADE_train_00007756.png
ADE_train_00007757.jpg,ADE_train_00007757.png
ADE_train_00007758.jpg,ADE_train_00007758.png
ADE_train_00007759.jpg,ADE_train_00007759.png
ADE_train_00007760.jpg,ADE_train_00007760.png
ADE_train_00007885.jpg,ADE_train_00007885.png
ADE_train_00007886.jpg,ADE_train_00007886.png
ADE_train_00007888.jpg,ADE_train_00007888.png
ADE_train_00007889.jpg,ADE_train_00007889.png
ADE_train_00007890.jpg,ADE_train_00007890.png
ADE_train_00007891.jpg,ADE_train_00007891.png
ADE_train_00007892.jpg,ADE_train_00007892.png
ADE_train_00007897.jpg,ADE_train_00007897.png
ADE_train_00007907.jpg,ADE_train_00007907.png
ADE_train_00007908.jpg,ADE_train_00007908.png
ADE_train_00007909.jpg,ADE_train_00007909.png
ADE_train_00007910.jpg,ADE_train_00007910.png
ADE_train_00007930.jpg,ADE_train_00007930.png
ADE_train_00007932.jpg,ADE_train_00007932.png
ADE_train_00007933.jpg,ADE_train_00007933.png
ADE_train_00007934.jpg,ADE_train_00007934.png
ADE_train_00007935.jpg,ADE_train_00007935.png
ADE_train_00007936.jpg,ADE_train_00007936.png
ADE_train_00007938.jpg,ADE_train_00007938.png
ADE_train_00007939.jpg,ADE_train_00007939.png
ADE_train_00007941.jpg,ADE_train_00007941.png
ADE_train_00007952.jpg,ADE_train_00007952.png
ADE_train_00007953.jpg,ADE_train_00007953.png
ADE_train_00007954.jpg,ADE_train_00007954.png
ADE_train_00007955.jpg,ADE_train_00007955.png
ADE_train_00007956.jpg,ADE_train_00007956.png
ADE_train_00007957.jpg,ADE_train_00007957.png
ADE_train_00007977.jpg,ADE_train_00007977.png
ADE_train_00007996.jpg,ADE_train_00007996.png
ADE_train_00007998.jpg,ADE_train_00007998.png
ADE_train_00008001.jpg,ADE_train_00008001.png
ADE_train_00008002.jpg,ADE_train_00008002.png
ADE_train_00008003.jpg,ADE_train_00008003.png
ADE_train_00008004.jpg,ADE_train_00008004.png
ADE_train_00008019.jpg,ADE_train_00008019.png
ADE_train_00008024.jpg,ADE_train_00008024.png
ADE_train_00008025.jpg,ADE_train_00008025.png
ADE_train_00008028.jpg,ADE_train_00008028.png
ADE_train_00008029.jpg,ADE_train_00008029.png
ADE_train_00008030.jpg,ADE_train_00008030.png
ADE_train_00008031.jpg,ADE_train_00008031.png
ADE_train_00008033.jpg,ADE_train_00008033.png
ADE_train_00008034.jpg,ADE_train_00008034.png
ADE_train_00008035.jpg,ADE_train_00008035.png
ADE_train_00008037.jpg,ADE_train_00008037.png
ADE_train_00008140.jpg,ADE_train_00008140.png
ADE_train_00008253.jpg,ADE_train_00008253.png
ADE_train_00008254.jpg,ADE_train_00008254.png
ADE_train_00008255.jpg,ADE_train_00008255.png
ADE_train_00008256.jpg,ADE_train_00008256.png
ADE_train_00008325.jpg,ADE_train_00008325.png
ADE_train_00008334.jpg,ADE_train_00008334.png
ADE_train_00008347.jpg,ADE_train_00008347.png
ADE_train_00008362.jpg,ADE_train_00008362.png
ADE_train_00008364.jpg,ADE_train_00008364.png
ADE_train_00008367.jpg,ADE_train_00008367.png
ADE_train_00008379.jpg,ADE_train_00008379.png
ADE_train_00008386.jpg,ADE_train_00008386.png
ADE_train_00008405.jpg,ADE_train_00008405.png
ADE_train_00008408.jpg,ADE_train_00008408.png
ADE_train_00008438.jpg,ADE_train_00008438.png
ADE_train_00008492.jpg,ADE_train_00008492.png
ADE_train_00008495.jpg,ADE_train_00008495.png
ADE_train_00008579.jpg,ADE_train_00008579.png
ADE_train_00008583.jpg,ADE_train_00008583.png
ADE_train_00008585.jpg,ADE_train_00008585.png
ADE_train_00008600.jpg,ADE_train_00008600.png
ADE_train_00008607.jpg,ADE_train_00008607.png
ADE_train_00008639.jpg,ADE_train_00008639.png
ADE_train_00008641.jpg,ADE_train_00008641.png
ADE_train_00008644.jpg,ADE_train_00008644.png
ADE_train_00008713.jpg,ADE_train_00008713.png
ADE_train_00008714.jpg,ADE_train_00008714.png
ADE_train_00008717.jpg,ADE_train_00008717.png
ADE_train_00008718.jpg,ADE_train_00008718.png
ADE_train_00008719.jpg,ADE_train_00008719.png
ADE_train_00008782.jpg,ADE_train_00008782.png
ADE_train_00008783.jpg,ADE_train_00008783.png
ADE_train_00008786.jpg,ADE_train_00008786.png
ADE_train_00008789.jpg,ADE_train_00008789.png
ADE_train_00008791.jpg,ADE_train_00008791.png
ADE_train_00008798.jpg,ADE_train_00008798.png
ADE_train_00008810.jpg,ADE_train_00008810.png
ADE_train_00008816.jpg,ADE_train_00008816.png
ADE_train_00008856.jpg,ADE_train_00008856.png
ADE_train_00008862.jpg,ADE_train_00008862.png
ADE_train_00008890.jpg,ADE_train_00008890.png
ADE_train_00008891.jpg,ADE_train_00008891.png
ADE_train_00008894.jpg,ADE_train_00008894.png
ADE_train_00008898.jpg,ADE_train_00008898.png
ADE_train_00008903.jpg,ADE_train_00008903.png
ADE_train_00008904.jpg,ADE_train_00008904.png
ADE_train_00008905.jpg,ADE_train_00008905.png
ADE_train_00008906.jpg,ADE_train_00008906.png
ADE_train_00008908.jpg,ADE_train_00008908.png
ADE_train_00008911.jpg,ADE_train_00008911.png
ADE_train_00008912.jpg,ADE_train_00008912.png
ADE_train_00008914.jpg,ADE_train_00008914.png
ADE_train_00008915.jpg,ADE_train_00008915.png
ADE_train_00008917.jpg,ADE_train_00008917.png
ADE_train_00008919.jpg,ADE_train_00008919.png
ADE_train_00008922.jpg,ADE_train_00008922.png
ADE_train_00008938.jpg,ADE_train_00008938.png
ADE_train_00008974.jpg,ADE_train_00008974.png
ADE_train_00009007.jpg,ADE_train_00009007.png
ADE_train_00009319.jpg,ADE_train_00009319.png
ADE_train_00009321.jpg,ADE_train_00009321.png
ADE_train_00009340.jpg,ADE_train_00009340.png
ADE_train_00009383.jpg,ADE_train_00009383.png
ADE_train_00009400.jpg,ADE_train_00009400.png
ADE_train_00009409.jpg,ADE_train_00009409.png
ADE_train_00009410.jpg,ADE_train_00009410.png
ADE_train_00009424.jpg,ADE_train_00009424.png
ADE_train_00009453.jpg,ADE_train_00009453.png
ADE_train_00009454.jpg,ADE_train_00009454.png
ADE_train_00009455.jpg,ADE_train_00009455.png
ADE_train_00009467.jpg,ADE_train_00009467.png
ADE_train_00009469.jpg,ADE_train_00009469.png
ADE_train_00009494.jpg,ADE_train_00009494.png
ADE_train_00009497.jpg,ADE_train_00009497.png
ADE_train_00009499.jpg,ADE_train_00009499.png
ADE_train_00009516.jpg,ADE_train_00009516.png
ADE_train_00009540.jpg,ADE_train_00009540.png
ADE_train_00009562.jpg,ADE_train_00009562.png
ADE_train_00009571.jpg,ADE_train_00009571.png
ADE_train_00009600.jpg,ADE_train_00009600.png
ADE_train_00009613.jpg,ADE_train_00009613.png
ADE_train_00009642.jpg,ADE_train_00009642.png
ADE_train_00009665.jpg,ADE_train_00009665.png
ADE_train_00009670.jpg,ADE_train_00009670.png
ADE_train_00009673.jpg,ADE_train_00009673.png
ADE_train_00009705.jpg,ADE_train_00009705.png
ADE_train_00009731.jpg,ADE_train_00009731.png
ADE_train_00009762.jpg,ADE_train_00009762.png
ADE_train_00009764.jpg,ADE_train_00009764.png
ADE_train_00009766.jpg,ADE_train_00009766.png
ADE_train_00009767.jpg,ADE_train_00009767.png
ADE_train_00009782.jpg,ADE_train_00009782.png
ADE_train_00009793.jpg,ADE_train_00009793.png
ADE_train_00009794.jpg,ADE_train_00009794.png
ADE_train_00009796.jpg,ADE_train_00009796.png
ADE_train_00009800.jpg,ADE_train_00009800.png
ADE_train_00009807.jpg,ADE_train_00009807.png
ADE_train_00009870.jpg,ADE_train_00009870.png
ADE_train_00009891.jpg,ADE_train_00009891.png
ADE_train_00009914.jpg,ADE_train_00009914.png
ADE_train_00009917.jpg,ADE_train_00009917.png
ADE_train_00009930.jpg,ADE_train_00009930.png
ADE_train_00009932.jpg,ADE_train_00009932.png
ADE_train_00009938.jpg,ADE_train_00009938.png
ADE_train_00009940.jpg,ADE_train_00009940.png
ADE_train_00009946.jpg,ADE_train_00009946.png
ADE_train_00009948.jpg,ADE_train_00009948.png
ADE_train_00009962.jpg,ADE_train_00009962.png
ADE_train_00009966.jpg,ADE_train_00009966.png
ADE_train_00009968.jpg,ADE_train_00009968.png
ADE_train_00010015.jpg,ADE_train_00010015.png
ADE_train_00010021.jpg,ADE_train_00010021.png
ADE_train_00010024.jpg,ADE_train_00010024.png
ADE_train_00010031.jpg,ADE_train_00010031.png
ADE_train_00010036.jpg,ADE_train_00010036.png
ADE_train_00010037.jpg,ADE_train_00010037.png
ADE_train_00010066.jpg,ADE_train_00010066.png
ADE_train_00010111.jpg,ADE_train_00010111.png
ADE_train_00010120.jpg,ADE_train_00010120.png
ADE_train_00010126.jpg,ADE_train_00010126.png
ADE_train_00010127.jpg,ADE_train_00010127.png
ADE_train_00010129.jpg,ADE_train_00010129.png
ADE_train_00010131.jpg,ADE_train_00010131.png
ADE_train_00010132.jpg,ADE_train_00010132.png
ADE_train_00010133.jpg,ADE_train_00010133.png
ADE_train_00010137.jpg,ADE_train_00010137.png
ADE_train_00010140.jpg,ADE_train_00010140.png
ADE_train_00010141.jpg,ADE_train_00010141.png
ADE_train_00010142.jpg,ADE_train_00010142.png
ADE_train_00010158.jpg,ADE_train_00010158.png
ADE_train_00010210.jpg,ADE_train_00010210.png
ADE_train_00010222.jpg,ADE_train_00010222.png
ADE_train_00010269.jpg,ADE_train_00010269.png
ADE_train_00010543.jpg,ADE_train_00010543.png
ADE_train_00010561.jpg,ADE_train_00010561.png
ADE_train_00010599.jpg,ADE_train_00010599.png
ADE_train_00010609.jpg,ADE_train_00010609.png
ADE_train_00010743.jpg,ADE_train_00010743.png
ADE_train_00010763.jpg,ADE_train_00010763.png
ADE_train_00010765.jpg,ADE_train_00010765.png
ADE_train_00010766.jpg,ADE_train_00010766.png
ADE_train_00010767.jpg,ADE_train_00010767.png
ADE_train_00010768.jpg,ADE_train_00010768.png
ADE_train_00010770.jpg,ADE_train_00010770.png
ADE_train_00010771.jpg,ADE_train_00010771.png
ADE_train_00010772.jpg,ADE_train_00010772.png
ADE_train_00010774.jpg,ADE_train_00010774.png
ADE_train_00010776.jpg,ADE_train_00010776.png
ADE_train_00010778.jpg,ADE_train_00010778.png
ADE_train_00010786.jpg,ADE_train_00010786.png
ADE_train_00010790.jpg,ADE_train_00010790.png
ADE_train_00010795.jpg,ADE_train_00010795.png
ADE_train_00010854.jpg,ADE_train_00010854.png
ADE_train_00010863.jpg,ADE_train_00010863.png
ADE_train_00010864.jpg,ADE_train_00010864.png
ADE_train_00010865.jpg,ADE_train_00010865.png
ADE_train_00010866.jpg,ADE_train_00010866.png
ADE_train_00010867.jpg,ADE_train_00010867.png
ADE_train_00010869.jpg,ADE_train_00010869.png
ADE_train_00010870.jpg,ADE_train_00010870.png
ADE_train_00010871.jpg,ADE_train_00010871.png
ADE_train_00010873.jpg,ADE_train_00010873.png
ADE_train_00010874.jpg,ADE_train_00010874.png
ADE_train_00010875.jpg,ADE_train_00010875.png
ADE_train_00010876.jpg,ADE_train_00010876.png
ADE_train_00010879.jpg,ADE_train_00010879.png
ADE_train_00010880.jpg,ADE_train_00010880.png
ADE_train_00010883.jpg,ADE_train_00010883.png
ADE_train_00010885.jpg,ADE_train_00010885.png
ADE_train_00010894.jpg,ADE_train_00010894.png
ADE_train_00010899.jpg,ADE_train_00010899.png
ADE_train_00010903.jpg,ADE_train_00010903.png
ADE_train_00010904.jpg,ADE_train_00010904.png
ADE_train_00010908.jpg,ADE_train_00010908.png
ADE_train_00010909.jpg,ADE_train_00010909.png
ADE_train_00010910.jpg,ADE_train_00010910.png
ADE_train_00010912.jpg,ADE_train_00010912.png
ADE_train_00010938.jpg,ADE_train_00010938.png
ADE_train_00010951.jpg,ADE_train_00010951.png
ADE_train_00010958.jpg,ADE_train_00010958.png
ADE_train_00010978.jpg,ADE_train_00010978.png
ADE_train_00010979.jpg,ADE_train_00010979.png
ADE_train_00010982.jpg,ADE_train_00010982.png
ADE_train_00010987.jpg,ADE_train_00010987.png
ADE_train_00010999.jpg,ADE_train_00010999.png
ADE_train_00011000.jpg,ADE_train_00011000.png
ADE_train_00011001.jpg,ADE_train_00011001.png
ADE_train_00011002.jpg,ADE_train_00011002.png
ADE_train_00011009.jpg,ADE_train_00011009.png
ADE_train_00011010.jpg,ADE_train_00011010.png
ADE_train_00011011.jpg,ADE_train_00011011.png
ADE_train_00011024.jpg,ADE_train_00011024.png
ADE_train_00011026.jpg,ADE_train_00011026.png
ADE_train_00011050.jpg,ADE_train_00011050.png
ADE_train_00011074.jpg,ADE_train_00011074.png
ADE_train_00011076.jpg,ADE_train_00011076.png
ADE_train_00011077.jpg,ADE_train_00011077.png
ADE_train_00011081.jpg,ADE_train_00011081.png
ADE_train_00011086.jpg,ADE_train_00011086.png
ADE_train_00011128.jpg,ADE_train_00011128.png
ADE_train_00011360.jpg,ADE_train_00011360.png
ADE_train_00011399.jpg,ADE_train_00011399.png
ADE_train_00011419.jpg,ADE_train_00011419.png
ADE_train_00011434.jpg,ADE_train_00011434.png
ADE_train_00011469.jpg,ADE_train_00011469.png
ADE_train_00011515.jpg,ADE_train_00011515.png
ADE_train_00011529.jpg,ADE_train_00011529.png
ADE_train_00011535.jpg,ADE_train_00011535.png
ADE_train_00011540.jpg,ADE_train_00011540.png
ADE_train_00011545.jpg,ADE_train_00011545.png
ADE_train_00011549.jpg,ADE_train_00011549.png
ADE_train_00011551.jpg,ADE_train_00011551.png
ADE_train_00011556.jpg,ADE_train_00011556.png
ADE_train_00011562.jpg,ADE_train_00011562.png
ADE_train_00011569.jpg,ADE_train_00011569.png
ADE_train_00011571.jpg,ADE_train_00011571.png
ADE_train_00011575.jpg,ADE_train_00011575.png
ADE_train_00011576.jpg,ADE_train_00011576.png
ADE_train_00011588.jpg,ADE_train_00011588.png
ADE_train_00011607.jpg,ADE_train_00011607.png
ADE_train_00011608.jpg,ADE_train_00011608.png
ADE_train_00011612.jpg,ADE_train_00011612.png
ADE_train_00011620.jpg,ADE_train_00011620.png
ADE_train_00011625.jpg,ADE_train_00011625.png
ADE_train_00011662.jpg,ADE_train_00011662.png
ADE_train_00011663.jpg,ADE_train_00011663.png
ADE_train_00011664.jpg,ADE_train_00011664.png
ADE_train_00011665.jpg,ADE_train_00011665.png
ADE_train_00011666.jpg,ADE_train_00011666.png
ADE_train_00011667.jpg,ADE_train_00011667.png
ADE_train_00011668.jpg,ADE_train_00011668.png
ADE_train_00011669.jpg,ADE_train_00011669.png
ADE_train_00011670.jpg,ADE_train_00011670.png
ADE_train_00011671.jpg,ADE_train_00011671.png
ADE_train_00011676.jpg,ADE_train_00011676.png
ADE_train_00011692.jpg,ADE_train_00011692.png
ADE_train_00011697.jpg,ADE_train_00011697.png
ADE_train_00011712.jpg,ADE_train_00011712.png
ADE_train_00011713.jpg,ADE_train_00011713.png
ADE_train_00011714.jpg,ADE_train_00011714.png
ADE_train_00011715.jpg,ADE_train_00011715.png
ADE_train_00011716.jpg,ADE_train_00011716.png
ADE_train_00011717.jpg,ADE_train_00011717.png
ADE_train_00011718.jpg,ADE_train_00011718.png
ADE_train_00011719.jpg,ADE_train_00011719.png
ADE_train_00011720.jpg,ADE_train_00011720.png
ADE_train_00011721.jpg,ADE_train_00011721.png
ADE_train_00011722.jpg,ADE_train_00011722.png
ADE_train_00011723.jpg,ADE_train_00011723.png
ADE_train_00011725.jpg,ADE_train_00011725.png
ADE_train_00011732.jpg,ADE_train_00011732.png
ADE_train_00011733.jpg,ADE_train_00011733.png
ADE_train_00011740.jpg,ADE_train_00011740.png
ADE_train_00011743.jpg,ADE_train_00011743.png
ADE_train_00011767.jpg,ADE_train_00011767.png
ADE_train_00011769.jpg,ADE_train_00011769.png
ADE_train_00011770.jpg,ADE_train_00011770.png
ADE_train_00011771.jpg,ADE_train_00011771.png
ADE_train_00011772.jpg,ADE_train_00011772.png
ADE_train_00011776.jpg,ADE_train_00011776.png
ADE_train_00011777.jpg,ADE_train_00011777.png
ADE_train_00011778.jpg,ADE_train_00011778.png
ADE_train_00011779.jpg,ADE_train_00011779.png
ADE_train_00011804.jpg,ADE_train_00011804.png
ADE_train_00011811.jpg,ADE_train_00011811.png
ADE_train_00011815.jpg,ADE_train_00011815.png
ADE_train_00011817.jpg,ADE_train_00011817.png
ADE_train_00011819.jpg,ADE_train_00011819.png
ADE_train_00011820.jpg,ADE_train_00011820.png
ADE_train_00011890.jpg,ADE_train_00011890.png
ADE_train_00011902.jpg,ADE_train_00011902.png
ADE_train_00011904.jpg,ADE_train_00011904.png
ADE_train_00011907.jpg,ADE_train_00011907.png
ADE_train_00011908.jpg,ADE_train_00011908.png
ADE_train_00011909.jpg,ADE_train_00011909.png
ADE_train_00011911.jpg,ADE_train_00011911.png
ADE_train_00011912.jpg,ADE_train_00011912.png
ADE_train_00011913.jpg,ADE_train_00011913.png
ADE_train_00011914.jpg,ADE_train_00011914.png
ADE_train_00011915.jpg,ADE_train_00011915.png
ADE_train_00011923.jpg,ADE_train_00011923.png
ADE_train_00012032.jpg,ADE_train_00012032.png
ADE_train_00012035.jpg,ADE_train_00012035.png
ADE_train_00012037.jpg,ADE_train_00012037.png
ADE_train_00012099.jpg,ADE_train_00012099.png
ADE_train_00012191.jpg,ADE_train_00012191.png
ADE_train_00012198.jpg,ADE_train_00012198.png
ADE_train_00012215.jpg,ADE_train_00012215.png
ADE_train_00012216.jpg,ADE_train_00012216.png
ADE_train_00012217.jpg,ADE_train_00012217.png
ADE_train_00012218.jpg,ADE_train_00012218.png
ADE_train_00012219.jpg,ADE_train_00012219.png
ADE_train_00012220.jpg,ADE_train_00012220.png
ADE_train_00012223.jpg,ADE_train_00012223.png
ADE_train_00012226.jpg,ADE_train_00012226.png
ADE_train_00012228.jpg,ADE_train_00012228.png
ADE_train_00012229.jpg,ADE_train_00012229.png
ADE_train_00012232.jpg,ADE_train_00012232.png
ADE_train_00012233.jpg,ADE_train_00012233.png
ADE_train_00012234.jpg,ADE_train_00012234.png
ADE_train_00012236.jpg,ADE_train_00012236.png
ADE_train_00012237.jpg,ADE_train_00012237.png
ADE_train_00012239.jpg,ADE_train_00012239.png
ADE_train_00012240.jpg,ADE_train_00012240.png
ADE_train_00012241.jpg,ADE_train_00012241.png
ADE_train_00012243.jpg,ADE_train_00012243.png
ADE_train_00012246.jpg,ADE_train_00012246.png
ADE_train_00012247.jpg,ADE_train_00012247.png
ADE_train_00012248.jpg,ADE_train_00012248.png
ADE_train_00012250.jpg,ADE_train_00012250.png
ADE_train_00012251.jpg,ADE_train_00012251.png
ADE_train_00012254.jpg,ADE_train_00012254.png
ADE_train_00012268.jpg,ADE_train_00012268.png
ADE_train_00012270.jpg,ADE_train_00012270.png
ADE_train_00012281.jpg,ADE_train_00012281.png
ADE_train_00012334.jpg,ADE_train_00012334.png
ADE_train_00012345.jpg,ADE_train_00012345.png
ADE_train_00012356.jpg,ADE_train_00012356.png
ADE_train_00012360.jpg,ADE_train_00012360.png
ADE_train_00012417.jpg,ADE_train_00012417.png
ADE_train_00012419.jpg,ADE_train_00012419.png
ADE_train_00012467.jpg,ADE_train_00012467.png
ADE_train_00012495.jpg,ADE_train_00012495.png
ADE_train_00012500.jpg,ADE_train_00012500.png
ADE_train_00012515.jpg,ADE_train_00012515.png
ADE_train_00012536.jpg,ADE_train_00012536.png
ADE_train_00012548.jpg,ADE_train_00012548.png
ADE_train_00012553.jpg,ADE_train_00012553.png
ADE_train_00012602.jpg,ADE_train_00012602.png
ADE_train_00012642.jpg,ADE_train_00012642.png
ADE_train_00012669.jpg,ADE_train_00012669.png
ADE_train_00012672.jpg,ADE_train_00012672.png
ADE_train_00012674.jpg,ADE_train_00012674.png
ADE_train_00012695.jpg,ADE_train_00012695.png
ADE_train_00012708.jpg,ADE_train_00012708.png
ADE_train_00012722.jpg,ADE_train_00012722.png
ADE_train_00012724.jpg,ADE_train_00012724.png
ADE_train_00012746.jpg,ADE_train_00012746.png
ADE_train_00012768.jpg,ADE_train_00012768.png
ADE_train_00012780.jpg,ADE_train_00012780.png
ADE_train_00012808.jpg,ADE_train_00012808.png
ADE_train_00012814.jpg,ADE_train_00012814.png
ADE_train_00012829.jpg,ADE_train_00012829.png
ADE_train_00012830.jpg,ADE_train_00012830.png
ADE_train_00012834.jpg,ADE_train_00012834.png
ADE_train_00012836.jpg,ADE_train_00012836.png
ADE_train_00012855.jpg,ADE_train_00012855.png
ADE_train_00012874.jpg,ADE_train_00012874.png
ADE_train_00012894.jpg,ADE_train_00012894.png
ADE_train_00012908.jpg,ADE_train_00012908.png
ADE_train_00012912.jpg,ADE_train_00012912.png
ADE_train_00012993.jpg,ADE_train_00012993.png
ADE_train_00013002.jpg,ADE_train_00013002.png
ADE_train_00013008.jpg,ADE_train_00013008.png
ADE_train_00013014.jpg,ADE_train_00013014.png
ADE_train_00013020.jpg,ADE_train_00013020.png
ADE_train_00013025.jpg,ADE_train_00013025.png
ADE_train_00013026.jpg,ADE_train_00013026.png
ADE_train_00013028.jpg,ADE_train_00013028.png
ADE_train_00013029.jpg,ADE_train_00013029.png
ADE_train_00013039.jpg,ADE_train_00013039.png
ADE_train_00013047.jpg,ADE_train_00013047.png
ADE_train_00013048.jpg,ADE_train_00013048.png
ADE_train_00013051.jpg,ADE_train_00013051.png
ADE_train_00013058.jpg,ADE_train_00013058.png
ADE_train_00013066.jpg,ADE_train_00013066.png
ADE_train_00013070.jpg,ADE_train_00013070.png
ADE_train_00013079.jpg,ADE_train_00013079.png
ADE_train_00013081.jpg,ADE_train_00013081.png
ADE_train_00013082.jpg,ADE_train_00013082.png
ADE_train_00013093.jpg,ADE_train_00013093.png
ADE_train_00013096.jpg,ADE_train_00013096.png
ADE_train_00013098.jpg,ADE_train_00013098.png
ADE_train_00013114.jpg,ADE_train_00013114.png
ADE_train_00013131.jpg,ADE_train_00013131.png
ADE_train_00013135.jpg,ADE_train_00013135.png
ADE_train_00013142.jpg,ADE_train_00013142.png
ADE_train_00013153.jpg,ADE_train_00013153.png
ADE_train_00013163.jpg,ADE_train_00013163.png
ADE_train_00013181.jpg,ADE_train_00013181.png
ADE_train_00013182.jpg,ADE_train_00013182.png
ADE_train_00013184.jpg,ADE_train_00013184.png
ADE_train_00013187.jpg,ADE_train_00013187.png
ADE_train_00013194.jpg,ADE_train_00013194.png
ADE_train_00013199.jpg,ADE_train_00013199.png
ADE_train_00013202.jpg,ADE_train_00013202.png
ADE_train_00013229.jpg,ADE_train_00013229.png
ADE_train_00013251.jpg,ADE_train_00013251.png
ADE_train_00013257.jpg,ADE_train_00013257.png
ADE_train_00013264.jpg,ADE_train_00013264.png
ADE_train_00013279.jpg,ADE_train_00013279.png
ADE_train_00013304.jpg,ADE_train_00013304.png
ADE_train_00013314.jpg,ADE_train_00013314.png
ADE_train_00013315.jpg,ADE_train_00013315.png
ADE_train_00013317.jpg,ADE_train_00013317.png
ADE_train_00013322.jpg,ADE_train_00013322.png
ADE_train_00013324.jpg,ADE_train_00013324.png
ADE_train_00013349.jpg,ADE_train_00013349.png
ADE_train_00013351.jpg,ADE_train_00013351.png
ADE_train_00013357.jpg,ADE_train_00013357.png
ADE_train_00013372.jpg,ADE_train_00013372.png
ADE_train_00013385.jpg,ADE_train_00013385.png
ADE_train_00013393.jpg,ADE_train_00013393.png
ADE_train_00013398.jpg,ADE_train_00013398.png
ADE_train_00013417.jpg,ADE_train_00013417.png
ADE_train_00013429.jpg,ADE_train_00013429.png
ADE_train_00013431.jpg,ADE_train_00013431.png
ADE_train_00013434.jpg,ADE_train_00013434.png
ADE_train_00013439.jpg,ADE_train_00013439.png
ADE_train_00013441.jpg,ADE_train_00013441.png
ADE_train_00013449.jpg,ADE_train_00013449.png
ADE_train_00013453.jpg,ADE_train_00013453.png
ADE_train_00013461.jpg,ADE_train_00013461.png
ADE_train_00013462.jpg,ADE_train_00013462.png
ADE_train_00013464.jpg,ADE_train_00013464.png
ADE_train_00013485.jpg,ADE_train_00013485.png
ADE_train_00013501.jpg,ADE_train_00013501.png
ADE_train_00013551.jpg,ADE_train_00013551.png
ADE_train_00013556.jpg,ADE_train_00013556.png
ADE_train_00013575.jpg,ADE_train_00013575.png
ADE_train_00013577.jpg,ADE_train_00013577.png
ADE_train_00013591.jpg,ADE_train_00013591.png
ADE_train_00013599.jpg,ADE_train_00013599.png
ADE_train_00013601.jpg,ADE_train_00013601.png
ADE_train_00013611.jpg,ADE_train_00013611.png
ADE_train_00013613.jpg,ADE_train_00013613.png
ADE_train_00013627.jpg,ADE_train_00013627.png
ADE_train_00013650.jpg,ADE_train_00013650.png
ADE_train_00013683.jpg,ADE_train_00013683.png
ADE_train_00013687.jpg,ADE_train_00013687.png
ADE_train_00013708.jpg,ADE_train_00013708.png
ADE_train_00013727.jpg,ADE_train_00013727.png
ADE_train_00013732.jpg,ADE_train_00013732.png
ADE_train_00013738.jpg,ADE_train_00013738.png
ADE_train_00013744.jpg,ADE_train_00013744.png
ADE_train_00013747.jpg,ADE_train_00013747.png
ADE_train_00013792.jpg,ADE_train_00013792.png
ADE_train_00013796.jpg,ADE_train_00013796.png
ADE_train_00013799.jpg,ADE_train_00013799.png
ADE_train_00013800.jpg,ADE_train_00013800.png
ADE_train_00013807.jpg,ADE_train_00013807.png
ADE_train_00013808.jpg,ADE_train_00013808.png
ADE_train_00013809.jpg,ADE_train_00013809.png
ADE_train_00013812.jpg,ADE_train_00013812.png
ADE_train_00013813.jpg,ADE_train_00013813.png
ADE_train_00013814.jpg,ADE_train_00013814.png
ADE_train_00013818.jpg,ADE_train_00013818.png
ADE_train_00013819.jpg,ADE_train_00013819.png
ADE_train_00013821.jpg,ADE_train_00013821.png
ADE_train_00013823.jpg,ADE_train_00013823.png
ADE_train_00013824.jpg,ADE_train_00013824.png
ADE_train_00013825.jpg,ADE_train_00013825.png
ADE_train_00013826.jpg,ADE_train_00013826.png
ADE_train_00013832.jpg,ADE_train_00013832.png
ADE_train_00013841.jpg,ADE_train_00013841.png
ADE_train_00013844.jpg,ADE_train_00013844.png
ADE_train_00013846.jpg,ADE_train_00013846.png
ADE_train_00013847.jpg,ADE_train_00013847.png
ADE_train_00013859.jpg,ADE_train_00013859.png
ADE_train_00013862.jpg,ADE_train_00013862.png
ADE_train_00013888.jpg,ADE_train_00013888.png
ADE_train_00013903.jpg,ADE_train_00013903.png
ADE_train_00013927.jpg,ADE_train_00013927.png
ADE_train_00013928.jpg,ADE_train_00013928.png
ADE_train_00013929.jpg,ADE_train_00013929.png
ADE_train_00013930.jpg,ADE_train_00013930.png
ADE_train_00013931.jpg,ADE_train_00013931.png
ADE_train_00013932.jpg,ADE_train_00013932.png
ADE_train_00013933.jpg,ADE_train_00013933.png
ADE_train_00013935.jpg,ADE_train_00013935.png
ADE_train_00013970.jpg,ADE_train_00013970.png
ADE_train_00013989.jpg,ADE_train_00013989.png
ADE_train_00013993.jpg,ADE_train_00013993.png
ADE_train_00014002.jpg,ADE_train_00014002.png
ADE_train_00014005.jpg,ADE_train_00014005.png
ADE_train_00014006.jpg,ADE_train_00014006.png
ADE_train_00014018.jpg,ADE_train_00014018.png
ADE_train_00014020.jpg,ADE_train_00014020.png
ADE_train_00014025.jpg,ADE_train_00014025.png
ADE_train_00014032.jpg,ADE_train_00014032.png
ADE_train_00014033.jpg,ADE_train_00014033.png
ADE_train_00014069.jpg,ADE_train_00014069.png
ADE_train_00014080.jpg,ADE_train_00014080.png
ADE_train_00014101.jpg,ADE_train_00014101.png
ADE_train_00014135.jpg,ADE_train_00014135.png
ADE_train_00014151.jpg,ADE_train_00014151.png
ADE_train_00014152.jpg,ADE_train_00014152.png
ADE_train_00014154.jpg,ADE_train_00014154.png
ADE_train_00014155.jpg,ADE_train_00014155.png
ADE_train_00014160.jpg,ADE_train_00014160.png
ADE_train_00014184.jpg,ADE_train_00014184.png
ADE_train_00014220.jpg,ADE_train_00014220.png
ADE_train_00014224.jpg,ADE_train_00014224.png
ADE_train_00014225.jpg,ADE_train_00014225.png
ADE_train_00014236.jpg,ADE_train_00014236.png
ADE_train_00014250.jpg,ADE_train_00014250.png
ADE_train_00014251.jpg,ADE_train_00014251.png
ADE_train_00014252.jpg,ADE_train_00014252.png
ADE_train_00014257.jpg,ADE_train_00014257.png
ADE_train_00014258.jpg,ADE_train_00014258.png
ADE_train_00014259.jpg,ADE_train_00014259.png
ADE_train_00014266.jpg,ADE_train_00014266.png
ADE_train_00014273.jpg,ADE_train_00014273.png
ADE_train_00014293.jpg,ADE_train_00014293.png
ADE_train_00014294.jpg,ADE_train_00014294.png
ADE_train_00014307.jpg,ADE_train_00014307.png
ADE_train_00014336.jpg,ADE_train_00014336.png
ADE_train_00014340.jpg,ADE_train_00014340.png
ADE_train_00014372.jpg,ADE_train_00014372.png
ADE_train_00014383.jpg,ADE_train_00014383.png
ADE_train_00014386.jpg,ADE_train_00014386.png
ADE_train_00014399.jpg,ADE_train_00014399.png
ADE_train_00014409.jpg,ADE_train_00014409.png
ADE_train_00014433.jpg,ADE_train_00014433.png
ADE_train_00014440.jpg,ADE_train_00014440.png
ADE_train_00014441.jpg,ADE_train_00014441.png
ADE_train_00014446.jpg,ADE_train_00014446.png
ADE_train_00014470.jpg,ADE_train_00014470.png
ADE_train_00014480.jpg,ADE_train_00014480.png
ADE_train_00014490.jpg,ADE_train_00014490.png
ADE_train_00014495.jpg,ADE_train_00014495.png
ADE_train_00014560.jpg,ADE_train_00014560.png
ADE_train_00014563.jpg,ADE_train_00014563.png
ADE_train_00014568.jpg,ADE_train_00014568.png
ADE_train_00014594.jpg,ADE_train_00014594.png
ADE_train_00014615.jpg,ADE_train_00014615.png
ADE_train_00014630.jpg,ADE_train_00014630.png
ADE_train_00014641.jpg,ADE_train_00014641.png
ADE_train_00014644.jpg,ADE_train_00014644.png
ADE_train_00014660.jpg,ADE_train_00014660.png
ADE_train_00014661.jpg,ADE_train_00014661.png
ADE_train_00014662.jpg,ADE_train_00014662.png
ADE_train_00014663.jpg,ADE_train_00014663.png
ADE_train_00014676.jpg,ADE_train_00014676.png
ADE_train_00014712.jpg,ADE_train_00014712.png
ADE_train_00014741.jpg,ADE_train_00014741.png
ADE_train_00014742.jpg,ADE_train_00014742.png
ADE_train_00014743.jpg,ADE_train_00014743.png
ADE_train_00014744.jpg,ADE_train_00014744.png
ADE_train_00014745.jpg,ADE_train_00014745.png
ADE_train_00014747.jpg,ADE_train_00014747.png
ADE_train_00014756.jpg,ADE_train_00014756.png
ADE_train_00014758.jpg,ADE_train_00014758.png
ADE_train_00014764.jpg,ADE_train_00014764.png
ADE_train_00014769.jpg,ADE_train_00014769.png
ADE_train_00014771.jpg,ADE_train_00014771.png
ADE_train_00014772.jpg,ADE_train_00014772.png
ADE_train_00014781.jpg,ADE_train_00014781.png
ADE_train_00014782.jpg,ADE_train_00014782.png
ADE_train_00014783.jpg,ADE_train_00014783.png
ADE_train_00014784.jpg,ADE_train_00014784.png
ADE_train_00014785.jpg,ADE_train_00014785.png
ADE_train_00014786.jpg,ADE_train_00014786.png
ADE_train_00014787.jpg,ADE_train_00014787.png
ADE_train_00014788.jpg,ADE_train_00014788.png
ADE_train_00014789.jpg,ADE_train_00014789.png
ADE_train_00014800.jpg,ADE_train_00014800.png
ADE_train_00014814.jpg,ADE_train_00014814.png
ADE_train_00014817.jpg,ADE_train_00014817.png
ADE_train_00014902.jpg,ADE_train_00014902.png
ADE_train_00014941.jpg,ADE_train_00014941.png
ADE_train_00014942.jpg,ADE_train_00014942.png
ADE_train_00014965.jpg,ADE_train_00014965.png
ADE_train_00014996.jpg,ADE_train_00014996.png
ADE_train_00015030.jpg,ADE_train_00015030.png
ADE_train_00015099.jpg,ADE_train_00015099.png
ADE_train_00015223.jpg,ADE_train_00015223.png
ADE_train_00015297.jpg,ADE_train_00015297.png
ADE_train_00015300.jpg,ADE_train_00015300.png
ADE_train_00015303.jpg,ADE_train_00015303.png
ADE_train_00015304.jpg,ADE_train_00015304.png
ADE_train_00015305.jpg,ADE_train_00015305.png
ADE_train_00015329.jpg,ADE_train_00015329.png
ADE_train_00015376.jpg,ADE_train_00015376.png
ADE_train_00015388.jpg,ADE_train_00015388.png
ADE_train_00015398.jpg,ADE_train_00015398.png
ADE_train_00015401.jpg,ADE_train_00015401.png
ADE_train_00015413.jpg,ADE_train_00015413.png
ADE_train_00015419.jpg,ADE_train_00015419.png
ADE_train_00015420.jpg,ADE_train_00015420.png
ADE_train_00015449.jpg,ADE_train_00015449.png
ADE_train_00015453.jpg,ADE_train_00015453.png
ADE_train_00015455.jpg,ADE_train_00015455.png
ADE_train_00015459.jpg,ADE_train_00015459.png
ADE_train_00015460.jpg,ADE_train_00015460.png
ADE_train_00015461.jpg,ADE_train_00015461.png
ADE_train_00015465.jpg,ADE_train_00015465.png
ADE_train_00015466.jpg,ADE_train_00015466.png
ADE_train_00015468.jpg,ADE_train_00015468.png
ADE_train_00015469.jpg,ADE_train_00015469.png
ADE_train_00015473.jpg,ADE_train_00015473.png
ADE_train_00015478.jpg,ADE_train_00015478.png
ADE_train_00015484.jpg,ADE_train_00015484.png
ADE_train_00015485.jpg,ADE_train_00015485.png
ADE_train_00015490.jpg,ADE_train_00015490.png
ADE_train_00015491.jpg,ADE_train_00015491.png
ADE_train_00015492.jpg,ADE_train_00015492.png
ADE_train_00015495.jpg,ADE_train_00015495.png
ADE_train_00015513.jpg,ADE_train_00015513.png
ADE_train_00015514.jpg,ADE_train_00015514.png
ADE_train_00015534.jpg,ADE_train_00015534.png
ADE_train_00015542.jpg,ADE_train_00015542.png
ADE_train_00015554.jpg,ADE_train_00015554.png
ADE_train_00015561.jpg,ADE_train_00015561.png
ADE_train_00015567.jpg,ADE_train_00015567.png
ADE_train_00015588.jpg,ADE_train_00015588.png
ADE_train_00015601.jpg,ADE_train_00015601.png
ADE_train_00015604.jpg,ADE_train_00015604.png
ADE_train_00015605.jpg,ADE_train_00015605.png
ADE_train_00015609.jpg,ADE_train_00015609.png
ADE_train_00015611.jpg,ADE_train_00015611.png
ADE_train_00015612.jpg,ADE_train_00015612.png
ADE_train_00015622.jpg,ADE_train_00015622.png
ADE_train_00015623.jpg,ADE_train_00015623.png
ADE_train_00015630.jpg,ADE_train_00015630.png
ADE_train_00015655.jpg,ADE_train_00015655.png
ADE_train_00015666.jpg,ADE_train_00015666.png
ADE_train_00015672.jpg,ADE_train_00015672.png
ADE_train_00015701.jpg,ADE_train_00015701.png
ADE_train_00015702.jpg,ADE_train_00015702.png
ADE_train_00015708.jpg,ADE_train_00015708.png
ADE_train_00015710.jpg,ADE_train_00015710.png
ADE_train_00015712.jpg,ADE_train_00015712.png
ADE_train_00015713.jpg,ADE_train_00015713.png
ADE_train_00015715.jpg,ADE_train_00015715.png
ADE_train_00015716.jpg,ADE_train_00015716.png
ADE_train_00015717.jpg,ADE_train_00015717.png
ADE_train_00015718.jpg,ADE_train_00015718.png
ADE_train_00015721.jpg,ADE_train_00015721.png
ADE_train_00015722.jpg,ADE_train_00015722.png
ADE_train_00015724.jpg,ADE_train_00015724.png
ADE_train_00015725.jpg,ADE_train_00015725.png
ADE_train_00015728.jpg,ADE_train_00015728.png
ADE_train_00015731.jpg,ADE_train_00015731.png
ADE_train_00015732.jpg,ADE_train_00015732.png
ADE_train_00015733.jpg,ADE_train_00015733.png
ADE_train_00015737.jpg,ADE_train_00015737.png
ADE_train_00015739.jpg,ADE_train_00015739.png
ADE_train_00015741.jpg,ADE_train_00015741.png
ADE_train_00015744.jpg,ADE_train_00015744.png
ADE_train_00015745.jpg,ADE_train_00015745.png
ADE_train_00015747.jpg,ADE_train_00015747.png
ADE_train_00015748.jpg,ADE_train_00015748.png
ADE_train_00015749.jpg,ADE_train_00015749.png
ADE_train_00015757.jpg,ADE_train_00015757.png
ADE_train_00015759.jpg,ADE_train_00015759.png
ADE_train_00015760.jpg,ADE_train_00015760.png
ADE_train_00015761.jpg,ADE_train_00015761.png
ADE_train_00015762.jpg,ADE_train_00015762.png
ADE_train_00015763.jpg,ADE_train_00015763.png
ADE_train_00015765.jpg,ADE_train_00015765.png
ADE_train_00015768.jpg,ADE_train_00015768.png
ADE_train_00015769.jpg,ADE_train_00015769.png
ADE_train_00015775.jpg,ADE_train_00015775.png
ADE_train_00015780.jpg,ADE_train_00015780.png
ADE_train_00015782.jpg,ADE_train_00015782.png
ADE_train_00015790.jpg,ADE_train_00015790.png
ADE_train_00015796.jpg,ADE_train_00015796.png
ADE_train_00015799.jpg,ADE_train_00015799.png
ADE_train_00015807.jpg,ADE_train_00015807.png
ADE_train_00015808.jpg,ADE_train_00015808.png
ADE_train_00015810.jpg,ADE_train_00015810.png
ADE_train_00015813.jpg,ADE_train_00015813.png
ADE_train_00015817.jpg,ADE_train_00015817.png
ADE_train_00015819.jpg,ADE_train_00015819.png
ADE_train_00015820.jpg,ADE_train_00015820.png
ADE_train_00015827.jpg,ADE_train_00015827.png
ADE_train_00015831.jpg,ADE_train_00015831.png
ADE_train_00015832.jpg,ADE_train_00015832.png
ADE_train_00015834.jpg,ADE_train_00015834.png
ADE_train_00015853.jpg,ADE_train_00015853.png
ADE_train_00015856.jpg,ADE_train_00015856.png
ADE_train_00015858.jpg,ADE_train_00015858.png
ADE_train_00015954.jpg,ADE_train_00015954.png
ADE_train_00015956.jpg,ADE_train_00015956.png
ADE_train_00015962.jpg,ADE_train_00015962.png
ADE_train_00015973.jpg,ADE_train_00015973.png
ADE_train_00016076.jpg,ADE_train_00016076.png
ADE_train_00016077.jpg,ADE_train_00016077.png
ADE_train_00016083.jpg,ADE_train_00016083.png
ADE_train_00016110.jpg,ADE_train_00016110.png
ADE_train_00016128.jpg,ADE_train_00016128.png
ADE_train_00016133.jpg,ADE_train_00016133.png
ADE_train_00016147.jpg,ADE_train_00016147.png
ADE_train_00016148.jpg,ADE_train_00016148.png
ADE_train_00016149.jpg,ADE_train_00016149.png
ADE_train_00016151.jpg,ADE_train_00016151.png
ADE_train_00016152.jpg,ADE_train_00016152.png
ADE_train_00016155.jpg,ADE_train_00016155.png
ADE_train_00016156.jpg,ADE_train_00016156.png
ADE_train_00016160.jpg,ADE_train_00016160.png
ADE_train_00016163.jpg,ADE_train_00016163.png
ADE_train_00016164.jpg,ADE_train_00016164.png
ADE_train_00016165.jpg,ADE_train_00016165.png
ADE_train_00016167.jpg,ADE_train_00016167.png
ADE_train_00016168.jpg,ADE_train_00016168.png
ADE_train_00016171.jpg,ADE_train_00016171.png
ADE_train_00016173.jpg,ADE_train_00016173.png
ADE_train_00016174.jpg,ADE_train_00016174.png
ADE_train_00016179.jpg,ADE_train_00016179.png
ADE_train_00016198.jpg,ADE_train_00016198.png
ADE_train_00016201.jpg,ADE_train_00016201.png
ADE_train_00016207.jpg,ADE_train_00016207.png
ADE_train_00016209.jpg,ADE_train_00016209.png
ADE_train_00016211.jpg,ADE_train_00016211.png
ADE_train_00016213.jpg,ADE_train_00016213.png
ADE_train_00016214.jpg,ADE_train_00016214.png
ADE_train_00016230.jpg,ADE_train_00016230.png
ADE_train_00016235.jpg,ADE_train_00016235.png
ADE_train_00016237.jpg,ADE_train_00016237.png
ADE_train_00016238.jpg,ADE_train_00016238.png
ADE_train_00016243.jpg,ADE_train_00016243.png
ADE_train_00016260.jpg,ADE_train_00016260.png
ADE_train_00016261.jpg,ADE_train_00016261.png
ADE_train_00016262.jpg,ADE_train_00016262.png
ADE_train_00016263.jpg,ADE_train_00016263.png
ADE_train_00016264.jpg,ADE_train_00016264.png
ADE_train_00016265.jpg,ADE_train_00016265.png
ADE_train_00016266.jpg,ADE_train_00016266.png
ADE_train_00016267.jpg,ADE_train_00016267.png
ADE_train_00016268.jpg,ADE_train_00016268.png
ADE_train_00016269.jpg,ADE_train_00016269.png
ADE_train_00016270.jpg,ADE_train_00016270.png
ADE_train_00016271.jpg,ADE_train_00016271.png
ADE_train_00016272.jpg,ADE_train_00016272.png
ADE_train_00016273.jpg,ADE_train_00016273.png
ADE_train_00016274.jpg,ADE_train_00016274.png
ADE_train_00016275.jpg,ADE_train_00016275.png
ADE_train_00016277.jpg,ADE_train_00016277.png
ADE_train_00016278.jpg,ADE_train_00016278.png
ADE_train_00016315.jpg,ADE_train_00016315.png
ADE_train_00016668.jpg,ADE_train_00016668.png
ADE_train_00016680.jpg,ADE_train_00016680.png
ADE_train_00016683.jpg,ADE_train_00016683.png
ADE_train_00016684.jpg,ADE_train_00016684.png
ADE_train_00016686.jpg,ADE_train_00016686.png
ADE_train_00016689.jpg,ADE_train_00016689.png
ADE_train_00016691.jpg,ADE_train_00016691.png
ADE_train_00016692.jpg,ADE_train_00016692.png
ADE_train_00016711.jpg,ADE_train_00016711.png
ADE_train_00016730.jpg,ADE_train_00016730.png
ADE_train_00016732.jpg,ADE_train_00016732.png
ADE_train_00016734.jpg,ADE_train_00016734.png
ADE_train_00016735.jpg,ADE_train_00016735.png
ADE_train_00016742.jpg,ADE_train_00016742.png
ADE_train_00016758.jpg,ADE_train_00016758.png
ADE_train_00016760.jpg,ADE_train_00016760.png
ADE_train_00016761.jpg,ADE_train_00016761.png
ADE_train_00016762.jpg,ADE_train_00016762.png
ADE_train_00016766.jpg,ADE_train_00016766.png
ADE_train_00016767.jpg,ADE_train_00016767.png
ADE_train_00016772.jpg,ADE_train_00016772.png
ADE_train_00016836.jpg,ADE_train_00016836.png
ADE_train_00016841.jpg,ADE_train_00016841.png
ADE_train_00016843.jpg,ADE_train_00016843.png
ADE_train_00016855.jpg,ADE_train_00016855.png
ADE_train_00016864.jpg,ADE_train_00016864.png
ADE_train_00016865.jpg,ADE_train_00016865.png
ADE_train_00016908.jpg,ADE_train_00016908.png
ADE_train_00016918.jpg,ADE_train_00016918.png
ADE_train_00016993.jpg,ADE_train_00016993.png
ADE_train_00017080.jpg,ADE_train_00017080.png
ADE_train_00017135.jpg,ADE_train_00017135.png
ADE_train_00017183.jpg,ADE_train_00017183.png
ADE_train_00017248.jpg,ADE_train_00017248.png
ADE_train_00017258.jpg,ADE_train_00017258.png
ADE_train_00017294.jpg,ADE_train_00017294.png
ADE_train_00017388.jpg,ADE_train_00017388.png
ADE_train_00017448.jpg,ADE_train_00017448.png
ADE_train_00017471.jpg,ADE_train_00017471.png
ADE_train_00017567.jpg,ADE_train_00017567.png
ADE_train_00017702.jpg,ADE_train_00017702.png
ADE_train_00017737.jpg,ADE_train_00017737.png
ADE_train_00017794.jpg,ADE_train_00017794.png
ADE_train_00017951.jpg,ADE_train_00017951.png
ADE_train_00017970.jpg,ADE_train_00017970.png
ADE_train_00017973.jpg,ADE_train_00017973.png
ADE_train_00018003.jpg,ADE_train_00018003.png
ADE_train_00018028.jpg,ADE_train_00018028.png
ADE_train_00018127.jpg,ADE_train_00018127.png
ADE_train_00018137.jpg,ADE_train_00018137.png
ADE_train_00018184.jpg,ADE_train_00018184.png
ADE_train_00018327.jpg,ADE_train_00018327.png
ADE_train_00018364.jpg,ADE_train_00018364.png
ADE_train_00018551.jpg,ADE_train_00018551.png
ADE_train_00018557.jpg,ADE_train_00018557.png
ADE_train_00018580.jpg,ADE_train_00018580.png
ADE_train_00018606.jpg,ADE_train_00018606.png
ADE_train_00018617.jpg,ADE_train_00018617.png
ADE_train_00018918.jpg,ADE_train_00018918.png
ADE_train_00018919.jpg,ADE_train_00018919.png
ADE_train_00018921.jpg,ADE_train_00018921.png
ADE_train_00018922.jpg,ADE_train_00018922.png
ADE_train_00018923.jpg,ADE_train_00018923.png
ADE_train_00018924.jpg,ADE_train_00018924.png
ADE_train_00018925.jpg,ADE_train_00018925.png
ADE_train_00018926.jpg,ADE_train_00018926.png
ADE_train_00018927.jpg,ADE_train_00018927.png
ADE_train_00018929.jpg,ADE_train_00018929.png
ADE_train_00018930.jpg,ADE_train_00018930.png
ADE_train_00018934.jpg,ADE_train_00018934.png
ADE_train_00018935.jpg,ADE_train_00018935.png
ADE_train_00018936.jpg,ADE_train_00018936.png
ADE_train_00018938.jpg,ADE_train_00018938.png
ADE_train_00018939.jpg,ADE_train_00018939.png
ADE_train_00018941.jpg,ADE_train_00018941.png
ADE_train_00018943.jpg,ADE_train_00018943.png
ADE_train_00018948.jpg,ADE_train_00018948.png
ADE_train_00018949.jpg,ADE_train_00018949.png
ADE_train_00018950.jpg,ADE_train_00018950.png
ADE_train_00018951.jpg,ADE_train_00018951.png
ADE_train_00018956.jpg,ADE_train_00018956.png
ADE_train_00018957.jpg,ADE_train_00018957.png
ADE_train_00018967.jpg,ADE_train_00018967.png
ADE_train_00018970.jpg,ADE_train_00018970.png
ADE_train_00018971.jpg,ADE_train_00018971.png
ADE_train_00018972.jpg,ADE_train_00018972.png
ADE_train_00018973.jpg,ADE_train_00018973.png
ADE_train_00018974.jpg,ADE_train_00018974.png
ADE_train_00018977.jpg,ADE_train_00018977.png
ADE_train_00018978.jpg,ADE_train_00018978.png
ADE_train_00018980.jpg,ADE_train_00018980.png
ADE_train_00018985.jpg,ADE_train_00018985.png
ADE_train_00018988.jpg,ADE_train_00018988.png
ADE_train_00018990.jpg,ADE_train_00018990.png
ADE_train_00018991.jpg,ADE_train_00018991.png
ADE_train_00018994.jpg,ADE_train_00018994.png
ADE_train_00018999.jpg,ADE_train_00018999.png
ADE_train_00019002.jpg,ADE_train_00019002.png
ADE_train_00019004.jpg,ADE_train_00019004.png
ADE_train_00019019.jpg,ADE_train_00019019.png
ADE_train_00019023.jpg,ADE_train_00019023.png
ADE_train_00019024.jpg,ADE_train_00019024.png
ADE_train_00019025.jpg,ADE_train_00019025.png
ADE_train_00019027.jpg,ADE_train_00019027.png
ADE_train_00019028.jpg,ADE_train_00019028.png
ADE_train_00019030.jpg,ADE_train_00019030.png
ADE_train_00019032.jpg,ADE_train_00019032.png
ADE_train_00019036.jpg,ADE_train_00019036.png
ADE_train_00019056.jpg,ADE_train_00019056.png
ADE_train_00019057.jpg,ADE_train_00019057.png
ADE_train_00019058.jpg,ADE_train_00019058.png
ADE_train_00019079.jpg,ADE_train_00019079.png
ADE_train_00019090.jpg,ADE_train_00019090.png
ADE_train_00019091.jpg,ADE_train_00019091.png
ADE_train_00019092.jpg,ADE_train_00019092.png
ADE_train_00019094.jpg,ADE_train_00019094.png
ADE_train_00019096.jpg,ADE_train_00019096.png
ADE_train_00019098.jpg,ADE_train_00019098.png
ADE_train_00019101.jpg,ADE_train_00019101.png
ADE_train_00019102.jpg,ADE_train_00019102.png
ADE_train_00019104.jpg,ADE_train_00019104.png
ADE_train_00019105.jpg,ADE_train_00019105.png
ADE_train_00019106.jpg,ADE_train_00019106.png
ADE_train_00019107.jpg,ADE_train_00019107.png
ADE_train_00019113.jpg,ADE_train_00019113.png
ADE_train_00019119.jpg,ADE_train_00019119.png
ADE_train_00019128.jpg,ADE_train_00019128.png
ADE_train_00019129.jpg,ADE_train_00019129.png
ADE_train_00019130.jpg,ADE_train_00019130.png
ADE_train_00019149.jpg,ADE_train_00019149.png
ADE_train_00019155.jpg,ADE_train_00019155.png
ADE_train_00019166.jpg,ADE_train_00019166.png
ADE_train_00019176.jpg,ADE_train_00019176.png
ADE_train_00019183.jpg,ADE_train_00019183.png
ADE_train_00019185.jpg,ADE_train_00019185.png
ADE_train_00019186.jpg,ADE_train_00019186.png
ADE_train_00019188.jpg,ADE_train_00019188.png
ADE_train_00019190.jpg,ADE_train_00019190.png
ADE_train_00019191.jpg,ADE_train_00019191.png
ADE_train_00019192.jpg,ADE_train_00019192.png
ADE_train_00019205.jpg,ADE_train_00019205.png
ADE_train_00019208.jpg,ADE_train_00019208.png
ADE_train_00019209.jpg,ADE_train_00019209.png
ADE_train_00019210.jpg,ADE_train_00019210.png
ADE_train_00019211.jpg,ADE_train_00019211.png
ADE_train_00019220.jpg,ADE_train_00019220.png
ADE_train_00019281.jpg,ADE_train_00019281.png
ADE_train_00019284.jpg,ADE_train_00019284.png
ADE_train_00019288.jpg,ADE_train_00019288.png
ADE_train_00019292.jpg,ADE_train_00019292.png
ADE_train_00019294.jpg,ADE_train_00019294.png
ADE_train_00019296.jpg,ADE_train_00019296.png
ADE_train_00019300.jpg,ADE_train_00019300.png
ADE_train_00019305.jpg,ADE_train_00019305.png
ADE_train_00019306.jpg,ADE_train_00019306.png
ADE_train_00019307.jpg,ADE_train_00019307.png
ADE_train_00019309.jpg,ADE_train_00019309.png
ADE_train_00019313.jpg,ADE_train_00019313.png
ADE_train_00019338.jpg,ADE_train_00019338.png
ADE_train_00019339.jpg,ADE_train_00019339.png
ADE_train_00019340.jpg,ADE_train_00019340.png
ADE_train_00019342.jpg,ADE_train_00019342.png
ADE_train_00019343.jpg,ADE_train_00019343.png
ADE_train_00019345.jpg,ADE_train_00019345.png
ADE_train_00019371.jpg,ADE_train_00019371.png
ADE_train_00019400.jpg,ADE_train_00019400.png
ADE_train_00019470.jpg,ADE_train_00019470.png
ADE_train_00019475.jpg,ADE_train_00019475.png
ADE_train_00019489.jpg,ADE_train_00019489.png
ADE_train_00019492.jpg,ADE_train_00019492.png
ADE_train_00019493.jpg,ADE_train_00019493.png
ADE_train_00019496.jpg,ADE_train_00019496.png
ADE_train_00019502.jpg,ADE_train_00019502.png
ADE_train_00019509.jpg,ADE_train_00019509.png
ADE_train_00019512.jpg,ADE_train_00019512.png
ADE_train_00019515.jpg,ADE_train_00019515.png
ADE_train_00019519.jpg,ADE_train_00019519.png
ADE_train_00019532.jpg,ADE_train_00019532.png
ADE_train_00019533.jpg,ADE_train_00019533.png
ADE_train_00019536.jpg,ADE_train_00019536.png
ADE_train_00019543.jpg,ADE_train_00019543.png
ADE_train_00019544.jpg,ADE_train_00019544.png
ADE_train_00019548.jpg,ADE_train_00019548.png
ADE_train_00019580.jpg,ADE_train_00019580.png
ADE_train_00019581.jpg,ADE_train_00019581.png
ADE_train_00019584.jpg,ADE_train_00019584.png
ADE_train_00019585.jpg,ADE_train_00019585.png
ADE_train_00019597.jpg,ADE_train_00019597.png
ADE_train_00019598.jpg,ADE_train_00019598.png
ADE_train_00019600.jpg,ADE_train_00019600.png
ADE_train_00019601.jpg,ADE_train_00019601.png
ADE_train_00019602.jpg,ADE_train_00019602.png
ADE_train_00019607.jpg,ADE_train_00019607.png
ADE_train_00019616.jpg,ADE_train_00019616.png
ADE_train_00019620.jpg,ADE_train_00019620.png
ADE_train_00019629.jpg,ADE_train_00019629.png
ADE_train_00019641.jpg,ADE_train_00019641.png
ADE_train_00019642.jpg,ADE_train_00019642.png
ADE_train_00019659.jpg,ADE_train_00019659.png
ADE_train_00019661.jpg,ADE_train_00019661.png
ADE_train_00019691.jpg,ADE_train_00019691.png
ADE_train_00019694.jpg,ADE_train_00019694.png
ADE_train_00019706.jpg,ADE_train_00019706.png
ADE_train_00019711.jpg,ADE_train_00019711.png
ADE_train_00019712.jpg,ADE_train_00019712.png
ADE_train_00019714.jpg,ADE_train_00019714.png
ADE_train_00019715.jpg,ADE_train_00019715.png
ADE_train_00019725.jpg,ADE_train_00019725.png
ADE_train_00019726.jpg,ADE_train_00019726.png
ADE_train_00019733.jpg,ADE_train_00019733.png
ADE_train_00019734.jpg,ADE_train_00019734.png
ADE_train_00019739.jpg,ADE_train_00019739.png
ADE_train_00019746.jpg,ADE_train_00019746.png
ADE_train_00019748.jpg,ADE_train_00019748.png
ADE_train_00019750.jpg,ADE_train_00019750.png
ADE_train_00019836.jpg,ADE_train_00019836.png
ADE_train_00019951.jpg,ADE_train_00019951.png
ADE_train_00020001.jpg,ADE_train_00020001.png
ADE_train_00020023.jpg,ADE_train_00020023.png
ADE_train_00020027.jpg,ADE_train_00020027.png
ADE_train_00020037.jpg,ADE_train_00020037.png
ADE_train_00020053.jpg,ADE_train_00020053.png
ADE_train_00020054.jpg,ADE_train_00020054.png
ADE_train_00020055.jpg,ADE_train_00020055.png
ADE_train_00020057.jpg,ADE_train_00020057.png
ADE_train_00020074.jpg,ADE_train_00020074.png
ADE_train_00020076.jpg,ADE_train_00020076.png
ADE_train_00020078.jpg,ADE_train_00020078.png
ADE_train_00020083.jpg,ADE_train_00020083.png
ADE_train_00020089.jpg,ADE_train_00020089.png
ADE_train_00020107.jpg,ADE_train_00020107.png
ADE_train_00020116.jpg,ADE_train_00020116.png
ADE_train_00020119.jpg,ADE_train_00020119.png
ADE_train_00020120.jpg,ADE_train_00020120.png
ADE_train_00020122.jpg,ADE_train_00020122.png
ADE_train_00020183.jpg,ADE_train_00020183.png
ADE_train_00020192.jpg,ADE_train_00020192.png
